filter_no,mid_interval_days,big_interval_days,failure_date,life_days,life_years,future_mid_count,future_big_count,purchase_cost,maintenance_cost,total_cycle_cost,annual_cost,status
A1,30,90,2032-01-05,2096,5.742465753424658,70,23,300.0,486.0,786.0,136.875,failed_within_horizon
A1,30,120,2031-09-07,1976,5.413698630136986,66,16,300.0,390.0,690.0,127.45445344129554,failed_within_horizon
A1,30,150,2031-06-09,1886,5.167123287671233,63,13,300.0,345.0,645.0,124.82767762460233,failed_within_horizon
A1,30,180,2031-04-10,1826,5.002739726027397,61,10,300.0,303.0,603.0,120.53395399780942,failed_within_horizon
A1,30,240,2031-02-09,1766,4.838356164383562,59,7,300.0,261.0,561.0,115.94847112117779,failed_within_horizon
A1,30,300,2031-01-10,1736,4.756164383561644,58,6,300.0,246.0,546.0,114.79838709677419,failed_within_horizon
A1,30,365,2030-12-11,1706,4.673972602739726,57,5,300.0,231.0,531.0,113.60785463071512,failed_within_horizon
A1,45,90,2030-09-27,1631,4.468493150684932,37,18,300.0,327.0,627.0,140.31575720416922,failed_within_horizon
A1,45,120,2030-06-29,1541,4.221917808219178,35,13,300.0,261.0,561.0,132.87800129785853,failed_within_horizon
A1,45,150,2030-02-14,1406,3.852054794520548,32,10,300.0,216.0,516.0,133.95448079658607,failed_within_horizon
A1,45,180,2029-12-31,1361,3.728767123287671,31,8,300.0,189.0,489.0,131.1425422483468,failed_within_horizon
A1,45,240,2029-10-02,1271,3.4821917808219176,29,5,300.0,147.0,447.0,128.36742722265933,failed_within_horizon
A1,45,300,2029-08-18,1226,3.3589041095890413,28,4,300.0,132.0,432.0,128.61337683523652,failed_within_horizon
A1,45,365,2029-08-18,1226,3.3589041095890413,28,3,300.0,120.0,420.0,125.04078303425774,failed_within_horizon
A1,60,90,2030-02-14,1406,3.852054794520548,24,16,300.0,264.0,564.0,146.41536273115221,failed_within_horizon
A1,60,120,2029-10-17,1286,3.5232876712328767,22,10,300.0,186.0,486.0,137.9393468118196,failed_within_horizon
A1,60,150,2029-08-18,1226,3.3589041095890413,21,9,300.0,171.0,471.0,140.2243066884176,failed_within_horizon
A1,60,180,2029-08-18,1226,3.3589041095890413,21,7,300.0,147.0,447.0,133.07911908646003,failed_within_horizon
A1,60,240,2029-08-18,1226,3.3589041095890413,21,5,300.0,123.0,423.0,125.93393148450244,failed_within_horizon
A1,60,300,2028-12-21,986,2.7013698630136984,17,3,300.0,87.0,387.0,143.2606490872211,failed_within_horizon
A1,60,365,2028-12-21,986,2.7013698630136984,17,3,300.0,87.0,387.0,143.2606490872211,failed_within_horizon
A1,75,90,2029-09-02,1241,3.4,17,14,300.0,219.0,519.0,152.64705882352942,failed_within_horizon
A1,75,120,2029-09-02,1241,3.4,17,10,300.0,171.0,471.0,138.52941176470588,failed_within_horizon
A1,75,150,2029-01-20,1016,2.7835616438356166,14,7,300.0,126.0,426.0,153.04133858267716,failed_within_horizon
A1,75,180,2029-01-20,1016,2.7835616438356166,14,6,300.0,114.0,414.0,148.73031496062993,failed_within_horizon
A1,75,240,2028-11-06,941,2.578082191780822,13,4,300.0,87.0,387.0,150.1115834218916,failed_within_horizon
A1,75,300,2028-08-23,866,2.372602739726027,12,3,300.0,72.0,372.0,156.78983833718246,failed_within_horizon
A1,75,365,2028-08-23,866,2.372602739726027,12,2,300.0,60.0,360.0,151.7321016166282,failed_within_horizon
A1,90,90,2029-08-18,1226,3.3589041095890413,14,14,300.0,210.0,510.0,151.83523654159868,failed_within_horizon
A1,90,120,2029-08-18,1226,3.3589041095890413,14,10,300.0,162.0,462.0,137.54486133768353,failed_within_horizon
A1,90,150,2028-11-21,956,2.6191780821917807,11,7,300.0,117.0,417.0,159.21025104602512,failed_within_horizon
A1,90,180,2028-10-29,933,2.5561643835616437,10,6,300.0,102.0,402.0,157.2668810289389,failed_within_horizon
A1,90,240,2028-08-23,866,2.372602739726027,10,4,300.0,78.0,378.0,159.3187066974596,failed_within_horizon
A1,90,300,2028-08-23,866,2.372602739726027,10,3,300.0,66.0,366.0,154.26096997690533,failed_within_horizon
A1,90,365,2028-08-23,866,2.372602739726027,10,2,300.0,54.0,354.0,149.20323325635104,failed_within_horizon
A1,105,90,2029-08-18,1226,3.3589041095890413,12,14,300.0,204.0,504.0,150.04893964110929,failed_within_horizon
A1,105,120,2028-10-29,933,2.5561643835616437,9,8,300.0,123.0,423.0,165.4823151125402,failed_within_horizon
A1,105,150,2028-10-07,911,2.495890410958904,9,7,300.0,111.0,411.0,164.67069154774973,failed_within_horizon
A1,105,180,2028-10-07,911,2.495890410958904,9,5,300.0,87.0,387.0,155.0548847420417,failed_within_horizon
A1,105,240,2028-10-07,911,2.495890410958904,9,4,300.0,75.0,375.0,150.24698133918773,failed_within_horizon
A1,105,300,2028-10-07,911,2.495890410958904,9,3,300.0,63.0,363.0,145.43907793633372,failed_within_horizon
A1,105,365,2028-10-07,911,2.495890410958904,9,2,300.0,51.0,351.0,140.6311745334797,failed_within_horizon
A1,120,90,2029-10-17,1286,3.5232876712328767,11,14,300.0,201.0,501.0,142.196734059098,failed_within_horizon
A1,120,120,2028-10-22,926,2.536986301369863,8,7,300.0,108.0,408.0,160.8207343412527,failed_within_horizon
A1,120,150,2028-10-22,926,2.536986301369863,8,7,300.0,108.0,408.0,160.8207343412527,failed_within_horizon
A1,120,180,2028-10-22,926,2.536986301369863,8,5,300.0,84.0,384.0,151.36069114470843,failed_within_horizon
A1,120,240,2028-10-22,926,2.536986301369863,8,4,300.0,72.0,372.0,146.63066954643628,failed_within_horizon
A1,120,300,2028-10-22,926,2.536986301369863,8,3,300.0,60.0,360.0,141.90064794816413,failed_within_horizon
A1,120,365,2028-10-22,926,2.536986301369863,8,2,300.0,48.0,348.0,137.17062634989202,failed_within_horizon
A1,150,90,2029-01-20,1016,2.7835616438356166,7,11,300.0,153.0,453.0,162.74114173228347,failed_within_horizon
A1,150,120,2028-08-23,866,2.372602739726027,6,7,300.0,102.0,402.0,169.43418013856814,failed_within_horizon
A1,150,150,2028-08-23,866,2.372602739726027,6,6,300.0,90.0,390.0,164.37644341801388,failed_within_horizon
A1,150,180,2028-08-23,866,2.372602739726027,6,5,300.0,78.0,378.0,159.3187066974596,failed_within_horizon
A1,150,240,2028-08-23,866,2.372602739726027,6,4,300.0,66.0,366.0,154.26096997690533,failed_within_horizon
A1,150,300,2029-11-16,1316,3.6054794520547944,9,4,300.0,75.0,375.0,104.00835866261399,failed_within_horizon
A1,150,365,2030-09-12,1616,4.427397260273972,11,4,300.0,81.0,381.0,86.05507425742574,failed_within_horizon
A2,30,90,2029-09-22,1261,3.4547945205479453,43,14,300.0,297.0,597.0,172.80333068992863,failed_within_horizon
A2,30,120,2029-06-24,1171,3.208219178082192,40,10,300.0,240.0,540.0,168.31767719897525,failed_within_horizon
A2,30,150,2029-04-25,1111,3.043835616438356,38,7,300.0,198.0,498.0,163.60936093609362,failed_within_horizon
A2,30,180,2029-02-24,1051,2.8794520547945206,36,6,300.0,180.0,480.0,166.69838249286394,failed_within_horizon
A2,30,240,2029-01-25,1021,2.797260273972603,35,4,300.0,153.0,453.0,161.94417238001958,failed_within_horizon
A2,30,300,2028-12-26,991,2.7150684931506848,34,3,300.0,138.0,438.0,161.32189707366297,failed_within_horizon
A2,30,365,2028-11-26,961,2.632876712328767,33,2,300.0,123.0,423.0,160.66077003121748,failed_within_horizon
A2,45,90,2028-11-26,961,2.632876712328767,22,11,300.0,198.0,498.0,189.14672216441207,failed_within_horizon
A2,45,120,2028-07-14,826,2.263013698630137,19,7,300.0,141.0,441.0,194.8728813559322,failed_within_horizon
A2,45,150,2028-08-28,871,2.3863013698630136,20,6,300.0,132.0,432.0,181.03329506314583,failed_within_horizon
A2,45,180,2028-03-01,691,1.893150684931507,16,4,300.0,96.0,396.0,209.1751085383502,failed_within_horizon
A2,45,240,2028-03-01,691,1.893150684931507,16,3,300.0,84.0,384.0,202.83646888567293,failed_within_horizon
A2,45,300,2027-12-02,601,1.6465753424657534,14,2,300.0,66.0,366.0,222.27953410981698,failed_within_horizon
A2,45,365,2027-12-02,601,1.6465753424657534,14,1,300.0,54.0,354.0,214.9916805324459,failed_within_horizon
A2,60,90,2028-06-29,811,2.221917808219178,14,9,300.0,150.0,450.0,202.52774352651048,failed_within_horizon
A2,60,120,2028-01-01,631,1.7287671232876711,11,5,300.0,93.0,393.0,227.32963549920763,failed_within_horizon
A2,60,150,2027-11-02,571,1.5643835616438355,10,4,300.0,78.0,378.0,241.62872154115587,failed_within_horizon
A2,60,180,2027-09-03,511,1.4,9,3,300.0,63.0,363.0,259.2857142857143,failed_within_horizon
A2,60,240,2027-09-03,511,1.4,9,2,300.0,51.0,351.0,250.71428571428572,failed_within_horizon
A2,60,300,2027-09-03,511,1.4,9,1,300.0,39.0,339.0,242.14285714285717,failed_within_horizon
A2,60,365,2027-09-03,511,1.4,9,1,300.0,39.0,339.0,242.14285714285717,failed_within_horizon
A2,75,90,2028-08-28,871,2.3863013698630136,12,10,300.0,156.0,456.0,191.0907003444317,failed_within_horizon
A2,75,120,2027-09-21,529,1.4493150684931506,7,5,300.0,81.0,381.0,262.882797731569,failed_within_horizon
A2,75,150,2027-08-19,496,1.358904109589041,7,3,300.0,57.0,357.0,262.7116935483871,failed_within_horizon
A2,75,180,2027-08-19,496,1.358904109589041,7,3,300.0,57.0,357.0,262.7116935483871,failed_within_horizon
A2,75,240,2027-08-19,496,1.358904109589041,7,2,300.0,45.0,345.0,253.88104838709677,failed_within_horizon
A2,75,300,2027-08-19,496,1.358904109589041,7,1,300.0,33.0,333.0,245.05040322580646,failed_within_horizon
A2,75,365,2027-08-19,496,1.358904109589041,7,1,300.0,33.0,333.0,245.05040322580646,failed_within_horizon
A2,90,90,2027-10-21,559,1.5315068493150685,6,7,300.0,102.0,402.0,262.4865831842576,failed_within_horizon
A2,90,120,2027-09-03,511,1.4,6,4,300.0,66.0,366.0,261.42857142857144,failed_within_horizon
A2,90,150,2027-09-03,511,1.4,6,3,300.0,54.0,354.0,252.85714285714286,failed_within_horizon
A2,90,180,2027-09-03,511,1.4,6,3,300.0,54.0,354.0,252.85714285714286,failed_within_horizon
A2,90,240,2027-09-03,511,1.4,6,2,300.0,42.0,342.0,244.2857142857143,failed_within_horizon
A2,90,300,2027-09-03,511,1.4,6,1,300.0,30.0,330.0,235.71428571428572,failed_within_horizon
A2,90,365,2027-09-03,511,1.4,6,1,300.0,30.0,330.0,235.71428571428572,failed_within_horizon
A2,105,90,2027-08-19,496,1.358904109589041,5,6,300.0,87.0,387.0,284.7883064516129,failed_within_horizon
A2,105,120,2027-08-19,496,1.358904109589041,5,4,300.0,63.0,363.0,267.12701612903226,failed_within_horizon
A2,105,150,2027-08-19,496,1.358904109589041,5,3,300.0,51.0,351.0,258.29637096774195,failed_within_horizon
A2,105,180,2027-08-19,496,1.358904109589041,5,3,300.0,51.0,351.0,258.29637096774195,failed_within_horizon
A2,105,240,2027-08-19,496,1.358904109589041,5,2,300.0,39.0,339.0,249.46572580645162,failed_within_horizon
A2,105,300,2027-08-19,496,1.358904109589041,5,1,300.0,27.0,327.0,240.6350806451613,failed_within_horizon
A2,105,365,2027-08-19,496,1.358904109589041,5,1,300.0,27.0,327.0,240.6350806451613,failed_within_horizon
A2,120,90,2027-10-21,559,1.5315068493150685,4,7,300.0,96.0,396.0,258.5688729874776,failed_within_horizon
A2,120,120,2027-11-02,571,1.5643835616438355,5,5,300.0,75.0,375.0,239.71103327495624,failed_within_horizon
A2,120,150,2027-11-02,571,1.5643835616438355,5,4,300.0,63.0,363.0,232.04028021015765,failed_within_horizon
A2,120,180,2027-11-02,571,1.5643835616438355,5,3,300.0,51.0,351.0,224.36952714535903,failed_within_horizon
A2,120,240,2027-11-02,571,1.5643835616438355,5,2,300.0,39.0,339.0,216.69877408056044,failed_within_horizon
A2,120,300,2027-11-02,571,1.5643835616438355,5,2,300.0,39.0,339.0,216.69877408056044,failed_within_horizon
A2,120,365,2027-11-02,571,1.5643835616438355,5,1,300.0,27.0,327.0,209.02802101576182,failed_within_horizon
A2,150,90,2027-10-21,559,1.5315068493150685,3,7,300.0,93.0,393.0,256.61001788908766,failed_within_horizon
A2,150,120,2027-11-02,571,1.5643835616438355,4,5,300.0,72.0,372.0,237.79334500875657,failed_within_horizon
A2,150,150,2027-11-02,571,1.5643835616438355,4,4,300.0,60.0,360.0,230.12259194395799,failed_within_horizon
A2,150,180,2027-11-02,571,1.5643835616438355,4,3,300.0,48.0,348.0,222.4518388791594,failed_within_horizon
A2,150,240,2027-11-02,571,1.5643835616438355,4,2,300.0,36.0,336.0,214.78108581436078,failed_within_horizon
A2,150,300,2027-11-02,571,1.5643835616438355,4,2,300.0,36.0,336.0,214.78108581436078,failed_within_horizon
A2,150,365,2027-01-06,271,0.7424657534246575,2,0,300.0,6.0,306.0,412.140221402214,failed_within_horizon
A3,30,90,2030-03-15,1435,3.9315068493150687,48,16,300.0,336.0,636.0,161.77003484320556,failed_within_horizon
A3,30,120,2029-11-15,1315,3.6027397260273974,44,11,300.0,264.0,564.0,156.54752851711027,failed_within_horizon
A3,30,150,2029-10-16,1285,3.5205479452054793,43,9,300.0,237.0,537.0,152.5330739299611,failed_within_horizon
A3,30,180,2029-08-17,1225,3.356164383561644,41,7,300.0,207.0,507.0,151.065306122449,failed_within_horizon
A3,30,240,2029-07-18,1195,3.2739726027397262,40,5,300.0,180.0,480.0,146.61087866108787,failed_within_horizon
A3,30,300,2029-06-18,1165,3.191780821917808,39,4,300.0,165.0,465.0,145.68669527896995,failed_within_horizon
A3,30,365,2029-05-19,1135,3.1095890410958904,38,3,300.0,150.0,450.0,144.7136563876652,failed_within_horizon
A3,45,90,2029-03-20,1075,2.9452054794520546,24,12,300.0,216.0,516.0,175.20000000000002,failed_within_horizon
A3,45,120,2028-12-20,985,2.6986301369863015,22,8,300.0,162.0,462.0,171.1979695431472,failed_within_horizon
A3,45,150,2028-11-05,940,2.5753424657534247,21,7,300.0,147.0,447.0,173.5691489361702,failed_within_horizon
A3,45,180,2028-09-21,895,2.452054794520548,20,5,300.0,120.0,420.0,171.2849162011173,failed_within_horizon
A3,45,240,2028-08-07,850,2.328767123287671,19,4,300.0,105.0,405.0,173.91176470588235,failed_within_horizon
A3,45,300,2028-08-07,850,2.328767123287671,19,3,300.0,93.0,393.0,168.75882352941176,failed_within_horizon
A3,45,365,2028-08-07,850,2.328767123287671,19,2,300.0,81.0,381.0,163.60588235294117,failed_within_horizon
A3,60,90,2028-11-01,936,2.5643835616438357,15,11,300.0,177.0,477.0,186.0096153846154,failed_within_horizon
A3,60,120,2028-07-23,835,2.287671232876712,14,7,300.0,126.0,426.0,186.21556886227546,failed_within_horizon
A3,60,150,2028-07-23,835,2.287671232876712,14,6,300.0,114.0,414.0,180.97005988023955,failed_within_horizon
A3,60,180,2028-07-23,835,2.287671232876712,14,5,300.0,102.0,402.0,175.7245508982036,failed_within_horizon
A3,60,240,2028-07-23,835,2.287671232876712,14,4,300.0,90.0,390.0,170.4790419161677,failed_within_horizon
A3,60,300,2028-01-25,655,1.7945205479452055,11,2,300.0,57.0,357.0,198.93893129770993,failed_within_horizon
A3,60,365,2028-01-25,655,1.7945205479452055,11,2,300.0,57.0,357.0,198.93893129770993,failed_within_horizon
A3,75,90,2028-07-08,820,2.2465753424657535,11,9,300.0,141.0,441.0,196.29878048780486,failed_within_horizon
A3,75,120,2028-09-21,895,2.452054794520548,12,7,300.0,120.0,420.0,171.2849162011173,failed_within_horizon
A3,75,150,2028-09-21,895,2.452054794520548,12,6,300.0,108.0,408.0,166.39106145251395,failed_within_horizon
A3,75,180,2028-02-09,670,1.8356164383561644,9,4,300.0,75.0,375.0,204.2910447761194,failed_within_horizon
A3,75,240,2027-11-26,595,1.63013698630137,8,3,300.0,60.0,360.0,220.84033613445376,failed_within_horizon
A3,75,300,2027-11-26,595,1.63013698630137,8,2,300.0,48.0,348.0,213.47899159663865,failed_within_horizon
A3,75,365,2027-11-17,586,1.6054794520547946,7,2,300.0,45.0,345.0,214.88907849829351,failed_within_horizon
A3,90,90,2028-09-21,895,2.452054794520548,10,10,300.0,150.0,450.0,183.51955307262568,failed_within_horizon
A3,90,120,2028-09-21,895,2.452054794520548,10,7,300.0,114.0,414.0,168.83798882681563,failed_within_horizon
A3,90,150,2027-12-26,625,1.7123287671232876,7,5,300.0,81.0,381.0,222.50400000000002,failed_within_horizon
A3,90,180,2027-12-26,625,1.7123287671232876,7,4,300.0,69.0,369.0,215.496,failed_within_horizon
A3,90,240,2027-11-07,576,1.5780821917808219,6,3,300.0,54.0,354.0,224.32291666666669,failed_within_horizon
A3,90,300,2027-09-27,535,1.4657534246575343,6,2,300.0,42.0,342.0,233.3271028037383,failed_within_horizon
A3,90,365,2027-09-27,535,1.4657534246575343,6,1,300.0,30.0,330.0,225.14018691588782,failed_within_horizon
A3,105,90,2028-07-23,835,2.287671232876712,8,9,300.0,132.0,432.0,188.83832335329342,failed_within_horizon
A3,105,120,2027-12-26,625,1.7123287671232876,6,5,300.0,78.0,378.0,220.752,failed_within_horizon
A3,105,150,2027-12-07,606,1.6602739726027398,5,5,300.0,75.0,375.0,225.86633663366337,failed_within_horizon
A3,105,180,2027-11-07,576,1.5780821917808219,5,4,300.0,63.0,363.0,230.02604166666669,failed_within_horizon
A3,105,240,2027-09-12,520,1.4246575342465753,5,2,300.0,39.0,339.0,237.9519230769231,failed_within_horizon
A3,105,300,2027-09-12,520,1.4246575342465753,5,2,300.0,39.0,339.0,237.9519230769231,failed_within_horizon
A3,105,365,2027-09-12,520,1.4246575342465753,5,1,300.0,27.0,327.0,229.52884615384616,failed_within_horizon
A3,120,90,2028-11-01,936,2.5643835616438357,7,11,300.0,153.0,453.0,176.65064102564102,failed_within_horizon
A3,120,120,2028-11-01,936,2.5643835616438357,7,8,300.0,117.0,417.0,162.61217948717947,failed_within_horizon
A3,120,150,2027-11-26,595,1.63013698630137,5,4,300.0,63.0,363.0,222.68067226890756,failed_within_horizon
A3,120,180,2027-11-07,576,1.5780821917808219,4,4,300.0,60.0,360.0,228.125,failed_within_horizon
A3,120,240,2027-11-26,595,1.63013698630137,5,3,300.0,51.0,351.0,215.31932773109241,failed_within_horizon
A3,120,300,2027-11-26,595,1.63013698630137,5,2,300.0,39.0,339.0,207.9579831932773,failed_within_horizon
A3,120,365,2027-11-26,595,1.63013698630137,5,2,300.0,39.0,339.0,207.9579831932773,failed_within_horizon
A3,150,90,2028-09-21,895,2.452054794520548,6,10,300.0,138.0,438.0,178.62569832402235,failed_within_horizon
A3,150,120,2027-11-07,576,1.5780821917808219,3,5,300.0,69.0,369.0,233.828125,failed_within_horizon
A3,150,150,2027-11-26,595,1.63013698630137,4,4,300.0,60.0,360.0,220.84033613445376,failed_within_horizon
A3,150,180,2027-11-26,595,1.63013698630137,4,4,300.0,60.0,360.0,220.84033613445376,failed_within_horizon
A3,150,240,2027-11-26,595,1.63013698630137,4,3,300.0,48.0,348.0,213.47899159663865,failed_within_horizon
A3,150,300,2027-11-26,595,1.63013698630137,4,2,300.0,36.0,336.0,206.1176470588235,failed_within_horizon
A3,150,365,2027-11-26,595,1.63013698630137,4,2,300.0,36.0,336.0,206.1176470588235,failed_within_horizon
A4,30,90,2066-03-31,14600,40.0,487,162,300.0,3405.0,3705.0,92.625,censored_at_horizon
A4,30,120,2066-03-31,14600,40.0,487,121,300.0,2913.0,3213.0,80.325,censored_at_horizon
A4,30,150,2066-03-31,14600,40.0,487,97,300.0,2625.0,2925.0,73.125,censored_at_horizon
A4,30,180,2066-03-31,14600,40.0,487,81,300.0,2433.0,2733.0,68.325,censored_at_horizon
A4,30,240,2065-02-15,14191,38.87945205479452,474,59,300.0,2130.0,2430.0,62.50088083996899,failed_within_horizon
A4,30,300,2064-06-20,13951,38.221917808219175,466,46,300.0,1950.0,2250.0,58.86674790337611,failed_within_horizon
A4,30,365,2063-11-23,13741,37.64657534246575,459,37,300.0,1821.0,2121.0,56.3397860417728,failed_within_horizon
A4,45,90,2062-07-16,13246,36.29041095890411,295,147,300.0,2649.0,2949.0,81.26113543711308,failed_within_horizon
A4,45,120,2059-09-15,12211,33.45479452054794,272,101,300.0,2028.0,2328.0,69.58643845712882,failed_within_horizon
A4,45,150,2057-11-23,11550,31.643835616438356,257,77,300.0,1695.0,1995.0,63.04545454545455,failed_within_horizon
A4,45,180,2056-12-29,11221,30.742465753424657,250,62,300.0,1494.0,1794.0,58.35576151858123,failed_within_horizon
A4,45,240,2055-08-22,10726,29.386301369863013,239,44,300.0,1245.0,1545.0,52.575517434271866,failed_within_horizon
A4,45,300,2054-10-11,10411,28.523287671232875,232,34,300.0,1104.0,1404.0,49.22293727787917,failed_within_horizon
A4,45,365,2054-08-27,10366,28.4,231,28,300.0,1029.0,1329.0,46.79577464788733,failed_within_horizon
A4,60,90,2057-09-25,11491,31.482191780821918,192,127,300.0,2100.0,2400.0,76.23357410147072,failed_within_horizon
A4,60,120,2054-11-09,10440,28.602739726027398,174,87,300.0,1566.0,1866.0,65.23850574712644,failed_within_horizon
A4,60,150,2053-08-17,9991,27.372602739726027,167,66,300.0,1293.0,1593.0,58.19687718947053,failed_within_horizon
A4,60,180,2052-08-22,9631,26.386301369863013,161,53,300.0,1119.0,1419.0,53.777904682795146,failed_within_horizon
A4,60,240,2050-09-02,8911,24.413698630136988,149,37,300.0,891.0,1191.0,48.784087083380086,failed_within_horizon
A4,60,300,2049-11-06,8611,23.59178082191781,144,28,300.0,768.0,1068.0,45.27000348391592,failed_within_horizon
A4,60,365,2049-09-07,8551,23.427397260273974,143,23,300.0,705.0,1005.0,42.89849140451409,failed_within_horizon
A4,75,90,2054-09-26,10396,28.482191780821918,139,115,300.0,1797.0,2097.0,73.62495190457868,failed_within_horizon
A4,75,120,2051-11-11,9346,25.605479452054794,125,77,300.0,1299.0,1599.0,62.44757115343462,failed_within_horizon
A4,75,150,2050-08-18,8896,24.372602739726027,119,59,300.0,1065.0,1365.0,56.00550809352518,failed_within_horizon
A4,75,180,2049-10-22,8596,23.55068493150685,115,47,300.0,909.0,1209.0,51.33608655188459,failed_within_horizon
A4,75,240,2047-10-03,7846,21.495890410958904,105,32,300.0,699.0,999.0,46.47399949018608,failed_within_horizon
A4,75,300,2046-09-23,7471,20.46849315068493,100,24,300.0,588.0,888.0,43.38375050194084,failed_within_horizon
A4,75,365,2046-09-23,7471,20.46849315068493,100,20,300.0,540.0,840.0,41.03868290724133,failed_within_horizon
A4,90,90,2052-10-21,9691,26.55068493150685,108,107,300.0,1608.0,1908.0,71.86255288411928,failed_within_horizon
A4,90,120,2050-11-01,8971,24.578082191780823,100,74,300.0,1188.0,1488.0,60.54174562479099,failed_within_horizon
A4,90,150,2048-08-13,8161,22.35890410958904,91,54,300.0,921.0,1221.0,54.60911652983703,failed_within_horizon
A4,90,180,2047-08-19,7801,21.372602739726027,87,43,300.0,777.0,1077.0,50.39161645942828,failed_within_horizon
A4,90,240,2045-11-27,7171,19.646575342465752,80,29,300.0,588.0,888.0,45.19871705480408,failed_within_horizon
A4,90,300,2044-12-02,6811,18.660273972602738,76,22,300.0,492.0,792.0,42.44310673909852,failed_within_horizon
A4,90,365,2044-09-03,6721,18.413698630136988,75,18,300.0,441.0,741.0,40.24177949709864,failed_within_horizon
A4,105,90,2051-10-12,9316,25.523287671232875,89,103,300.0,1503.0,1803.0,70.64136968656076,failed_within_horizon
A4,105,120,2048-11-26,8266,22.646575342465752,79,68,300.0,1053.0,1353.0,59.744132591338015,failed_within_horizon
A4,105,150,2046-11-22,7531,20.632876712328766,72,50,300.0,816.0,1116.0,54.088434470853805,failed_within_horizon
A4,105,180,2045-09-28,7111,19.482191780821918,68,39,300.0,672.0,972.0,49.89171705807903,failed_within_horizon
A4,105,240,2044-11-17,6796,18.61917808219178,65,28,300.0,531.0,831.0,44.63140082401413,failed_within_horizon
A4,105,300,2043-09-24,6376,17.46849315068493,61,21,300.0,435.0,735.0,42.075752823086574,failed_within_horizon
A4,105,365,2042-11-13,6061,16.605479452054794,58,16,300.0,366.0,666.0,40.107243029203104,failed_within_horizon
A4,120,90,2050-11-01,8971,24.578082191780823,75,99,300.0,1413.0,1713.0,69.69624345112028,failed_within_horizon
A4,120,120,2047-11-17,7891,21.61917808219178,66,65,300.0,978.0,1278.0,59.114180712203776,failed_within_horizon
A4,120,150,2045-11-27,7171,19.646575342465752,60,47,300.0,744.0,1044.0,53.13903221308047,failed_within_horizon
A4,120,180,2044-12-02,6811,18.660273972602738,57,37,300.0,615.0,915.0,49.03464983115549,failed_within_horizon
A4,120,240,2043-12-08,6451,17.673972602739727,54,26,300.0,474.0,774.0,43.79321035498372,failed_within_horizon
A4,120,300,2042-12-13,6091,16.687671232876713,51,20,300.0,393.0,693.0,41.52766376621244,failed_within_horizon
A4,120,365,2041-12-18,5731,15.7013698630137,48,15,300.0,324.0,624.0,39.74175536555575,failed_within_horizon
A4,150,90,2048-10-12,8221,22.523287671232875,55,91,300.0,1257.0,1557.0,69.12845152657827,failed_within_horizon
A4,150,120,2045-11-27,7171,19.646575342465752,48,59,300.0,852.0,1152.0,58.636173476502584,failed_within_horizon
A4,150,150,2044-09-03,6721,18.413698630136988,45,44,300.0,663.0,963.0,52.298021127808354,failed_within_horizon
A4,150,180,2043-11-08,6421,17.59178082191781,43,35,300.0,549.0,849.0,48.26117427192026,failed_within_horizon
A4,150,240,2043-11-08,6421,17.59178082191781,43,26,300.0,441.0,741.0,42.12194362248871,failed_within_horizon
A4,150,300,2041-10-19,5671,15.536986301369863,38,18,300.0,330.0,630.0,40.54840416152354,failed_within_horizon
A4,150,365,2041-10-19,5671,15.536986301369863,38,15,300.0,294.0,594.0,38.231352495150766,failed_within_horizon
A5,30,90,2028-12-18,983,2.6931506849315068,33,11,300.0,231.0,531.0,197.16683621566634,failed_within_horizon
A5,30,120,2028-10-19,923,2.5287671232876714,31,8,300.0,189.0,489.0,193.37486457204767,failed_within_horizon
A5,30,150,2028-08-20,863,2.3643835616438356,29,6,300.0,159.0,459.0,194.13093858632678,failed_within_horizon
A5,30,180,2028-07-21,833,2.282191780821918,28,4,300.0,132.0,432.0,189.29171668667468,failed_within_horizon
A5,30,240,2028-06-21,803,2.2,27,3,300.0,117.0,417.0,189.54545454545453,failed_within_horizon
A5,30,300,2028-05-22,773,2.117808219178082,26,3,300.0,114.0,414.0,195.48512289780078,failed_within_horizon
A5,30,365,2028-04-22,743,2.0356164383561643,25,2,300.0,99.0,399.0,196.00942126514133,failed_within_horizon
A5,45,90,2028-05-07,758,2.0767123287671234,17,8,300.0,147.0,447.0,215.24406332453825,failed_within_horizon
A5,45,120,2028-02-07,668,1.83013698630137,15,6,300.0,117.0,417.0,227.85179640718562,failed_within_horizon
A5,45,150,2027-12-24,623,1.7068493150684931,14,4,300.0,90.0,390.0,228.49117174959872,failed_within_horizon
A5,45,180,2027-11-09,578,1.5835616438356164,13,3,300.0,75.0,375.0,236.80795847750866,failed_within_horizon
A5,45,240,2027-11-09,578,1.5835616438356164,13,2,300.0,63.0,363.0,229.23010380622839,failed_within_horizon
A5,45,300,2027-09-25,533,1.4602739726027398,12,2,300.0,60.0,360.0,246.5290806754221,failed_within_horizon
A5,45,365,2027-11-09,578,1.5835616438356164,13,2,300.0,63.0,363.0,229.23010380622839,failed_within_horizon
A5,60,90,2028-01-23,653,1.789041095890411,11,7,300.0,117.0,417.0,233.08575803981623,failed_within_horizon
A5,60,120,2027-11-24,593,1.6246575342465754,10,5,300.0,90.0,390.0,240.05059021922426,failed_within_horizon
A5,60,150,2027-09-25,533,1.4602739726027398,9,4,300.0,75.0,375.0,256.8011257035647,failed_within_horizon
A5,60,180,2027-09-06,514,1.4082191780821918,8,3,300.0,60.0,360.0,255.64202334630352,failed_within_horizon
A5,60,240,2027-07-27,473,1.295890410958904,8,2,300.0,48.0,348.0,268.5412262156448,failed_within_horizon
A5,60,300,2027-07-27,473,1.295890410958904,8,2,300.0,48.0,348.0,268.5412262156448,failed_within_horizon
A5,60,365,2027-07-27,473,1.295890410958904,8,1,300.0,36.0,336.0,259.2811839323467,failed_within_horizon
A5,75,90,2027-11-24,593,1.6246575342465754,8,6,300.0,96.0,396.0,243.74367622259695,failed_within_horizon
A5,75,120,2027-11-24,593,1.6246575342465754,8,5,300.0,84.0,384.0,236.35750421585158,failed_within_horizon
A5,75,150,2027-09-10,518,1.4191780821917808,7,4,300.0,69.0,369.0,260.00965250965254,failed_within_horizon
A5,75,180,2027-11-24,593,1.6246575342465754,8,3,300.0,60.0,360.0,221.58516020236087,failed_within_horizon
A5,75,240,2027-09-10,518,1.4191780821917808,7,2,300.0,45.0,345.0,243.09845559845562,failed_within_horizon
A5,75,300,2027-09-10,518,1.4191780821917808,7,2,300.0,45.0,345.0,243.09845559845562,failed_within_horizon
A5,75,365,2027-09-10,518,1.4191780821917808,7,1,300.0,33.0,333.0,234.64285714285714,failed_within_horizon
A5,90,90,2027-09-25,533,1.4602739726027398,6,6,300.0,90.0,390.0,267.0731707317073,failed_within_horizon
A5,90,120,2027-09-06,514,1.4082191780821918,5,5,300.0,75.0,375.0,266.29377431906613,failed_within_horizon
A5,90,150,2027-09-25,533,1.4602739726027398,6,4,300.0,66.0,366.0,250.63789868667916,failed_within_horizon
A5,90,180,2027-09-25,533,1.4602739726027398,6,3,300.0,54.0,354.0,242.42026266416508,failed_within_horizon
A5,90,240,2027-09-25,533,1.4602739726027398,6,2,300.0,42.0,342.0,234.20262664165102,failed_within_horizon
A5,90,300,2027-09-25,533,1.4602739726027398,6,2,300.0,42.0,342.0,234.20262664165102,failed_within_horizon
A5,90,365,2027-12-24,623,1.7068493150684931,7,2,300.0,45.0,345.0,202.12680577849116,failed_within_horizon
A5,105,90,2027-12-05,604,1.6547945205479453,5,7,300.0,99.0,399.0,241.11754966887415,failed_within_horizon
A5,105,120,2027-12-24,623,1.7068493150684931,6,5,300.0,78.0,378.0,221.46067415730337,failed_within_horizon
A5,105,150,2027-09-10,518,1.4191780821917808,5,4,300.0,63.0,363.0,255.7818532818533,failed_within_horizon
A5,105,180,2027-12-24,623,1.7068493150684931,6,3,300.0,54.0,354.0,207.39967897271268,failed_within_horizon
A5,105,240,2027-09-10,518,1.4191780821917808,5,2,300.0,39.0,339.0,238.87065637065638,failed_within_horizon
A5,105,300,2027-09-10,518,1.4191780821917808,5,2,300.0,39.0,339.0,238.87065637065638,failed_within_horizon
A5,105,365,2027-09-10,518,1.4191780821917808,5,1,300.0,27.0,327.0,230.41505791505793,failed_within_horizon
A5,120,90,2027-09-06,514,1.4082191780821918,4,6,300.0,84.0,384.0,272.68482490272373,failed_within_horizon
A5,120,120,2027-07-27,473,1.295890410958904,4,4,300.0,60.0,360.0,277.80126849894293,failed_within_horizon
A5,120,150,2027-11-24,593,1.6246575342465754,5,4,300.0,63.0,363.0,223.4317032040472,failed_within_horizon
A5,120,180,2027-11-24,593,1.6246575342465754,5,3,300.0,51.0,351.0,216.04553119730184,failed_within_horizon
A5,120,240,2027-11-24,593,1.6246575342465754,5,2,300.0,39.0,339.0,208.65935919055647,failed_within_horizon
A5,120,300,2027-11-24,593,1.6246575342465754,5,2,300.0,39.0,339.0,208.65935919055647,failed_within_horizon
A5,120,365,2027-11-24,593,1.6246575342465754,5,2,300.0,39.0,339.0,208.65935919055647,failed_within_horizon
A5,150,90,2027-09-06,514,1.4082191780821918,3,6,300.0,81.0,381.0,270.5544747081712,failed_within_horizon
A5,150,120,2027-11-24,593,1.6246575342465754,4,5,300.0,72.0,372.0,228.97133220910624,failed_within_horizon
A5,150,150,2027-11-24,593,1.6246575342465754,4,4,300.0,60.0,360.0,221.58516020236087,failed_within_horizon
A5,150,180,2027-11-24,593,1.6246575342465754,4,3,300.0,48.0,348.0,214.1989881956155,failed_within_horizon
A5,150,240,2027-11-24,593,1.6246575342465754,4,2,300.0,36.0,336.0,206.81281618887013,failed_within_horizon
A5,150,300,2027-11-24,593,1.6246575342465754,4,2,300.0,36.0,336.0,206.81281618887013,failed_within_horizon
A5,150,365,2027-11-24,593,1.6246575342465754,4,2,300.0,36.0,336.0,206.81281618887013,failed_within_horizon
A6,30,90,2066-03-31,14600,40.0,487,162,300.0,3405.0,3705.0,92.625,censored_at_horizon
A6,30,120,2066-03-31,14600,40.0,487,122,300.0,2925.0,3225.0,80.625,censored_at_horizon
A6,30,150,2066-03-31,14600,40.0,487,98,300.0,2637.0,2937.0,73.425,censored_at_horizon
A6,30,180,2066-03-31,14600,40.0,487,81,300.0,2433.0,2733.0,68.325,censored_at_horizon
A6,30,240,2066-03-31,14600,40.0,487,61,300.0,2193.0,2493.0,62.325,censored_at_horizon
A6,30,300,2066-03-31,14600,40.0,487,49,300.0,2049.0,2349.0,58.725,censored_at_horizon
A6,30,365,2066-03-31,14600,40.0,487,40,300.0,1941.0,2241.0,56.025,censored_at_horizon
A6,45,90,2066-03-31,14600,40.0,324,162,300.0,2916.0,3216.0,80.4,censored_at_horizon
A6,45,120,2066-03-31,14600,40.0,324,122,300.0,2436.0,2736.0,68.4,censored_at_horizon
A6,45,150,2066-03-31,14600,40.0,324,98,300.0,2148.0,2448.0,61.2,censored_at_horizon
A6,45,180,2066-03-31,14600,40.0,324,81,300.0,1944.0,2244.0,56.1,censored_at_horizon
A6,45,240,2066-03-31,14600,40.0,324,61,300.0,1704.0,2004.0,50.1,censored_at_horizon
A6,45,300,2066-03-31,14600,40.0,324,49,300.0,1560.0,1860.0,46.5,censored_at_horizon
A6,45,365,2066-03-31,14600,40.0,324,40,300.0,1452.0,1752.0,43.8,censored_at_horizon
A6,60,90,2066-03-31,14600,40.0,243,162,300.0,2673.0,2973.0,74.325,censored_at_horizon
A6,60,120,2066-03-31,14600,40.0,243,122,300.0,2193.0,2493.0,62.325,censored_at_horizon
A6,60,150,2066-03-31,14600,40.0,243,98,300.0,1905.0,2205.0,55.125,censored_at_horizon
A6,60,180,2066-03-31,14600,40.0,243,81,300.0,1701.0,2001.0,50.025,censored_at_horizon
A6,60,240,2066-03-31,14600,40.0,243,61,300.0,1461.0,1761.0,44.025,censored_at_horizon
A6,60,300,2066-03-31,14600,40.0,243,49,300.0,1317.0,1617.0,40.425,censored_at_horizon
A6,60,365,2066-03-31,14600,40.0,243,40,300.0,1209.0,1509.0,37.725,censored_at_horizon
A6,75,90,2066-03-31,14600,40.0,194,162,300.0,2526.0,2826.0,70.65,censored_at_horizon
A6,75,120,2066-03-31,14600,40.0,194,122,300.0,2046.0,2346.0,58.65,censored_at_horizon
A6,75,150,2066-03-31,14600,40.0,194,98,300.0,1758.0,2058.0,51.45,censored_at_horizon
A6,75,180,2066-03-31,14600,40.0,194,81,300.0,1554.0,1854.0,46.35,censored_at_horizon
A6,75,240,2066-03-31,14600,40.0,194,61,300.0,1314.0,1614.0,40.35,censored_at_horizon
A6,75,300,2066-03-31,14600,40.0,194,49,300.0,1170.0,1470.0,36.75,censored_at_horizon
A6,75,365,2066-03-31,14600,40.0,194,40,300.0,1062.0,1362.0,34.05,censored_at_horizon
A6,90,90,2066-03-31,14600,40.0,162,162,300.0,2430.0,2730.0,68.25,censored_at_horizon
A6,90,120,2066-03-31,14600,40.0,162,122,300.0,1950.0,2250.0,56.25,censored_at_horizon
A6,90,150,2066-03-31,14600,40.0,162,98,300.0,1662.0,1962.0,49.05,censored_at_horizon
A6,90,180,2066-03-31,14600,40.0,162,81,300.0,1458.0,1758.0,43.95,censored_at_horizon
A6,90,240,2066-03-31,14600,40.0,162,61,300.0,1218.0,1518.0,37.95,censored_at_horizon
A6,90,300,2066-03-31,14600,40.0,162,49,300.0,1074.0,1374.0,34.35,censored_at_horizon
A6,90,365,2066-03-31,14600,40.0,162,40,300.0,966.0,1266.0,31.65,censored_at_horizon
A6,105,90,2066-03-31,14600,40.0,139,162,300.0,2361.0,2661.0,66.525,censored_at_horizon
A6,105,120,2066-03-31,14600,40.0,139,122,300.0,1881.0,2181.0,54.525,censored_at_horizon
A6,105,150,2066-03-31,14600,40.0,139,98,300.0,1593.0,1893.0,47.325,censored_at_horizon
A6,105,180,2066-03-31,14600,40.0,139,81,300.0,1389.0,1689.0,42.225,censored_at_horizon
A6,105,240,2066-03-31,14600,40.0,139,61,300.0,1149.0,1449.0,36.225,censored_at_horizon
A6,105,300,2066-03-31,14600,40.0,139,49,300.0,1005.0,1305.0,32.625,censored_at_horizon
A6,105,365,2066-03-31,14600,40.0,139,40,300.0,897.0,1197.0,29.925,censored_at_horizon
A6,120,90,2066-03-31,14600,40.0,121,162,300.0,2307.0,2607.0,65.175,censored_at_horizon
A6,120,120,2066-03-31,14600,40.0,121,122,300.0,1827.0,2127.0,53.175,censored_at_horizon
A6,120,150,2066-03-31,14600,40.0,121,98,300.0,1539.0,1839.0,45.975,censored_at_horizon
A6,120,180,2066-03-31,14600,40.0,121,81,300.0,1335.0,1635.0,40.875,censored_at_horizon
A6,120,240,2066-03-31,14600,40.0,121,61,300.0,1095.0,1395.0,34.875,censored_at_horizon
A6,120,300,2066-03-31,14600,40.0,121,49,300.0,951.0,1251.0,31.275,censored_at_horizon
A6,120,365,2066-03-31,14600,40.0,121,40,300.0,843.0,1143.0,28.575,censored_at_horizon
A6,150,90,2066-03-31,14600,40.0,97,162,300.0,2235.0,2535.0,63.375,censored_at_horizon
A6,150,120,2066-03-31,14600,40.0,97,122,300.0,1755.0,2055.0,51.375,censored_at_horizon
A6,150,150,2066-03-31,14600,40.0,97,98,300.0,1467.0,1767.0,44.175,censored_at_horizon
A6,150,180,2066-03-31,14600,40.0,97,81,300.0,1263.0,1563.0,39.075,censored_at_horizon
A6,150,240,2066-03-31,14600,40.0,97,61,300.0,1023.0,1323.0,33.075,censored_at_horizon
A6,150,300,2066-03-31,14600,40.0,97,49,300.0,879.0,1179.0,29.475,censored_at_horizon
A6,150,365,2066-03-31,14600,40.0,97,40,300.0,771.0,1071.0,26.775,censored_at_horizon
A7,30,90,2030-03-04,1424,3.9013698630136986,48,16,300.0,336.0,636.0,163.01966292134833,failed_within_horizon
A7,30,120,2029-12-04,1334,3.654794520547945,45,11,300.0,267.0,567.0,155.13868065967017,failed_within_horizon
A7,30,150,2029-10-05,1274,3.4904109589041097,43,8,300.0,225.0,525.0,150.4120879120879,failed_within_horizon
A7,30,180,2029-08-06,1214,3.326027397260274,41,7,300.0,207.0,507.0,152.4341021416804,failed_within_horizon
A7,30,240,2029-06-07,1154,3.1616438356164385,39,5,300.0,177.0,477.0,150.87088388214903,failed_within_horizon
A7,30,300,2029-05-08,1124,3.0794520547945203,38,3,300.0,150.0,450.0,146.12989323843416,failed_within_horizon
A7,30,365,2029-05-08,1124,3.0794520547945203,39,4,300.0,165.0,465.0,151.0008896797153,failed_within_horizon
A7,45,90,2029-03-09,1064,2.915068493150685,36,24,300.0,396.0,696.0,238.7593984962406,failed_within_horizon
A7,45,120,2028-12-09,974,2.6684931506849314,24,10,300.0,192.0,492.0,184.37371663244355,failed_within_horizon
A7,45,150,2028-10-25,929,2.5452054794520547,23,8,300.0,165.0,465.0,182.69644779332617,failed_within_horizon
A7,45,180,2028-09-10,884,2.421917808219178,25,10,300.0,195.0,495.0,204.38348416289594,failed_within_horizon
A7,45,240,2028-07-27,839,2.2986301369863016,20,4,300.0,108.0,408.0,177.49702026221692,failed_within_horizon
A7,45,300,2028-09-10,884,2.421917808219178,21,4,300.0,111.0,411.0,169.7002262443439,failed_within_horizon
A7,45,365,2028-07-27,839,2.2986301369863016,19,2,300.0,81.0,381.0,165.75089392133492,failed_within_horizon
A7,60,90,2028-09-10,884,2.421917808219178,15,10,300.0,165.0,465.0,191.99660633484163,failed_within_horizon
A7,60,120,2028-07-12,824,2.2575342465753425,14,7,300.0,126.0,426.0,188.70145631067962,failed_within_horizon
A7,60,150,2028-09-10,884,2.421917808219178,15,6,300.0,117.0,417.0,172.17760180995475,failed_within_horizon
A7,60,180,2028-09-10,884,2.421917808219178,15,5,300.0,105.0,405.0,167.22285067873304,failed_within_horizon
A7,60,240,2028-01-14,644,1.7643835616438357,11,2,300.0,57.0,357.0,202.33695652173913,failed_within_horizon
A7,60,300,2028-01-14,644,1.7643835616438357,11,2,300.0,57.0,357.0,202.33695652173913,failed_within_horizon
A7,60,365,2027-11-15,584,1.6,10,1,300.0,42.0,342.0,213.75,failed_within_horizon
A7,75,90,2028-09-10,884,2.421917808219178,14,12,300.0,186.0,486.0,200.66742081447964,failed_within_horizon
A7,75,120,2028-09-10,884,2.421917808219178,14,9,300.0,150.0,450.0,185.8031674208145,failed_within_horizon
A7,75,150,2028-01-29,659,1.8054794520547945,9,4,300.0,75.0,375.0,207.701062215478,failed_within_horizon
A7,75,180,2027-11-15,584,1.6,8,3,300.0,60.0,360.0,225.0,failed_within_horizon
A7,75,240,2027-11-15,584,1.6,8,2,300.0,48.0,348.0,217.5,failed_within_horizon
A7,75,300,2027-09-01,509,1.3945205479452054,7,1,300.0,33.0,333.0,238.7917485265226,failed_within_horizon
A7,75,365,2027-09-01,509,1.3945205479452054,7,1,300.0,33.0,333.0,238.7917485265226,failed_within_horizon
A7,90,90,2028-09-10,884,2.421917808219178,10,10,300.0,150.0,450.0,185.8031674208145,failed_within_horizon
A7,90,120,2027-12-15,614,1.6821917808219178,7,5,300.0,81.0,381.0,226.4902280130293,failed_within_horizon
A7,90,150,2027-12-15,614,1.6821917808219178,7,4,300.0,69.0,369.0,219.35667752442998,failed_within_horizon
A7,90,180,2027-09-16,524,1.4356164383561645,6,3,300.0,54.0,354.0,246.58396946564883,failed_within_horizon
A7,90,240,2027-09-16,524,1.4356164383561645,6,2,300.0,42.0,342.0,238.22519083969465,failed_within_horizon
A7,90,300,2027-09-16,524,1.4356164383561645,6,1,300.0,30.0,330.0,229.86641221374043,failed_within_horizon
A7,90,365,2027-09-16,524,1.4356164383561645,6,1,300.0,30.0,330.0,229.86641221374043,failed_within_horizon
A7,105,90,2029-02-07,1034,2.8328767123287673,12,14,300.0,204.0,504.0,177.9110251450677,failed_within_horizon
A7,105,120,2027-12-15,614,1.6821917808219178,7,6,300.0,93.0,393.0,233.62377850162866,failed_within_horizon
A7,105,150,2027-10-01,539,1.4767123287671233,6,5,300.0,78.0,378.0,255.97402597402598,failed_within_horizon
A7,105,180,2027-09-01,509,1.3945205479452054,6,4,300.0,66.0,366.0,262.45579567779964,failed_within_horizon
A7,105,240,2027-09-01,509,1.3945205479452054,5,2,300.0,39.0,339.0,243.0943025540275,failed_within_horizon
A7,105,300,2027-09-01,509,1.3945205479452054,5,1,300.0,27.0,327.0,234.48919449901769,failed_within_horizon
A7,105,365,2027-09-01,509,1.3945205479452054,5,1,300.0,27.0,327.0,234.48919449901769,failed_within_horizon
A7,120,90,2028-10-25,929,2.5452054794520547,7,11,300.0,153.0,453.0,177.9817007534984,failed_within_horizon
A7,120,120,2027-11-15,584,1.6,5,5,300.0,75.0,375.0,234.375,failed_within_horizon
A7,120,150,2027-11-15,584,1.6,5,4,300.0,63.0,363.0,226.875,failed_within_horizon
A7,120,180,2027-11-15,584,1.6,5,3,300.0,51.0,351.0,219.375,failed_within_horizon
A7,120,240,2027-11-15,584,1.6,5,2,300.0,39.0,339.0,211.875,failed_within_horizon
A7,120,300,2027-11-15,584,1.6,5,2,300.0,39.0,339.0,211.875,failed_within_horizon
A7,120,365,2027-11-15,584,1.6,5,1,300.0,27.0,327.0,204.375,failed_within_horizon
A7,150,90,2027-11-15,584,1.6,4,7,300.0,96.0,396.0,247.5,failed_within_horizon
A7,150,120,2027-11-15,584,1.6,4,5,300.0,72.0,372.0,232.5,failed_within_horizon
A7,150,150,2027-11-15,584,1.6,4,4,300.0,60.0,360.0,225.0,failed_within_horizon
A7,150,180,2027-11-15,584,1.6,4,3,300.0,48.0,348.0,217.5,failed_within_horizon
A7,150,240,2027-11-15,584,1.6,4,2,300.0,36.0,336.0,210.0,failed_within_horizon
A7,150,300,2027-11-15,584,1.6,4,2,300.0,36.0,336.0,210.0,failed_within_horizon
A7,150,365,2027-11-15,584,1.6,4,1,300.0,24.0,324.0,202.5,failed_within_horizon
A8,30,90,2028-08-17,860,2.356164383561644,29,9,300.0,195.0,495.0,210.08720930232556,failed_within_horizon
A8,30,120,2028-05-19,770,2.1095890410958904,26,6,300.0,150.0,450.0,213.3116883116883,failed_within_horizon
A8,30,150,2028-04-19,740,2.0273972602739727,25,4,300.0,123.0,423.0,208.64189189189187,failed_within_horizon
A8,30,180,2028-03-20,710,1.9452054794520548,24,3,300.0,108.0,408.0,209.74647887323943,failed_within_horizon
A8,30,240,2028-01-20,650,1.7808219178082192,22,2,300.0,90.0,390.0,219.0,failed_within_horizon
A8,30,300,2028-01-20,650,1.7808219178082192,22,2,300.0,90.0,390.0,219.0,failed_within_horizon
A8,30,365,2027-12-21,620,1.6986301369863013,21,1,300.0,75.0,375.0,220.76612903225808,failed_within_horizon
A8,45,90,2027-11-06,575,1.5753424657534247,13,6,300.0,111.0,411.0,260.89565217391305,failed_within_horizon
A8,45,120,2027-09-22,530,1.452054794520548,12,4,300.0,84.0,384.0,264.45283018867923,failed_within_horizon
A8,45,150,2027-08-08,485,1.3287671232876712,11,3,300.0,69.0,369.0,277.70103092783506,failed_within_horizon
A8,45,180,2027-06-24,440,1.2054794520547945,10,2,300.0,54.0,354.0,293.65909090909093,failed_within_horizon
A8,45,240,2027-09-22,530,1.452054794520548,12,2,300.0,60.0,360.0,247.9245283018868,failed_within_horizon
A8,45,300,2027-08-08,485,1.3287671232876712,11,1,300.0,45.0,345.0,259.63917525773195,failed_within_horizon
A8,45,365,2027-06-24,440,1.2054794520547945,10,1,300.0,42.0,342.0,283.7045454545455,failed_within_horizon
A8,60,90,2027-07-24,470,1.2876712328767124,8,5,300.0,84.0,384.0,298.2127659574468,failed_within_horizon
A8,60,120,2027-07-24,470,1.2876712328767124,8,3,300.0,60.0,360.0,279.5744680851064,failed_within_horizon
A8,60,150,2027-07-24,470,1.2876712328767124,8,3,300.0,60.0,360.0,279.5744680851064,failed_within_horizon
A8,60,180,2027-07-24,470,1.2876712328767124,8,2,300.0,48.0,348.0,270.25531914893617,failed_within_horizon
A8,60,240,2027-07-24,470,1.2876712328767124,8,1,300.0,36.0,336.0,260.93617021276594,failed_within_horizon
A8,60,300,2027-07-24,470,1.2876712328767124,8,1,300.0,36.0,336.0,260.93617021276594,failed_within_horizon
A8,60,365,2027-07-24,470,1.2876712328767124,8,1,300.0,36.0,336.0,260.93617021276594,failed_within_horizon
A8,75,90,2027-09-07,515,1.4109589041095891,7,5,300.0,81.0,381.0,270.02912621359224,failed_within_horizon
A8,75,120,2027-09-07,515,1.4109589041095891,7,4,300.0,69.0,369.0,261.5242718446602,failed_within_horizon
A8,75,150,2027-09-07,515,1.4109589041095891,7,3,300.0,57.0,357.0,253.01941747572815,failed_within_horizon
A8,75,180,2027-09-07,515,1.4109589041095891,7,2,300.0,45.0,345.0,244.5145631067961,failed_within_horizon
A8,75,240,2027-09-07,515,1.4109589041095891,7,2,300.0,45.0,345.0,244.5145631067961,failed_within_horizon
A8,75,300,2027-09-07,515,1.4109589041095891,7,1,300.0,33.0,333.0,236.00970873786406,failed_within_horizon
A8,75,365,2027-09-07,515,1.4109589041095891,8,2,300.0,48.0,348.0,246.64077669902912,failed_within_horizon
A8,90,90,2027-09-22,530,1.452054794520548,6,5,300.0,78.0,378.0,260.3207547169811,failed_within_horizon
A8,90,120,2027-09-22,530,1.452054794520548,6,4,300.0,66.0,366.0,252.0566037735849,failed_within_horizon
A8,90,150,2027-09-22,530,1.452054794520548,6,3,300.0,54.0,354.0,243.79245283018867,failed_within_horizon
A8,90,180,2027-09-22,530,1.452054794520548,6,2,300.0,42.0,342.0,235.52830188679243,failed_within_horizon
A8,90,240,2027-09-22,530,1.452054794520548,6,2,300.0,42.0,342.0,235.52830188679243,failed_within_horizon
A8,90,300,2027-09-22,530,1.452054794520548,6,1,300.0,30.0,330.0,227.26415094339623,failed_within_horizon
A8,90,365,2027-09-22,530,1.452054794520548,6,1,300.0,30.0,330.0,227.26415094339623,failed_within_horizon
A8,105,90,2027-09-07,515,1.4109589041095891,5,5,300.0,75.0,375.0,265.7766990291262,failed_within_horizon
A8,105,120,2027-09-07,515,1.4109589041095891,5,4,300.0,63.0,363.0,257.2718446601942,failed_within_horizon
A8,105,150,2027-09-07,515,1.4109589041095891,5,3,300.0,51.0,351.0,248.76699029126212,failed_within_horizon
A8,105,180,2027-02-09,305,0.8356164383561644,3,1,300.0,21.0,321.0,384.1475409836066,failed_within_horizon
A8,105,240,2027-02-09,305,0.8356164383561644,3,1,300.0,21.0,321.0,384.1475409836066,failed_within_horizon
A8,105,300,2027-09-07,515,1.4109589041095891,5,1,300.0,27.0,327.0,231.75728155339803,failed_within_horizon
A8,105,365,2027-02-09,305,0.8356164383561644,3,0,300.0,9.0,309.0,369.78688524590166,failed_within_horizon
A8,120,90,2027-07-24,470,1.2876712328767124,4,5,300.0,72.0,372.0,288.8936170212766,failed_within_horizon
A8,120,120,2027-11-21,590,1.6164383561643836,5,4,300.0,63.0,363.0,224.5677966101695,failed_within_horizon
A8,120,150,2027-07-24,470,1.2876712328767124,4,3,300.0,48.0,348.0,270.25531914893617,failed_within_horizon
A8,120,180,2027-10-02,540,1.4794520547945205,4,3,300.0,48.0,348.0,235.22222222222223,failed_within_horizon
A8,120,240,2027-11-21,590,1.6164383561643836,5,2,300.0,39.0,339.0,209.72033898305085,failed_within_horizon
A8,120,300,2027-11-21,590,1.6164383561643836,5,1,300.0,27.0,327.0,202.29661016949152,failed_within_horizon
A8,120,365,2027-11-21,590,1.6164383561643836,5,1,300.0,27.0,327.0,202.29661016949152,failed_within_horizon
A8,150,90,2027-10-02,540,1.4794520547945205,3,6,300.0,81.0,381.0,257.52777777777777,failed_within_horizon
A8,150,120,2027-11-21,590,1.6164383561643836,4,4,300.0,60.0,360.0,222.71186440677965,failed_within_horizon
A8,150,150,2027-01-25,290,0.7945205479452054,2,1,300.0,18.0,318.0,400.2413793103448,failed_within_horizon
A8,150,180,2027-01-25,290,0.7945205479452054,2,1,300.0,18.0,318.0,400.2413793103448,failed_within_horizon
A8,150,240,2027-01-25,290,0.7945205479452054,2,1,300.0,18.0,318.0,400.2413793103448,failed_within_horizon
A8,150,300,2027-01-25,290,0.7945205479452054,2,0,300.0,6.0,306.0,385.1379310344828,failed_within_horizon
A8,150,365,2027-01-25,290,0.7945205479452054,2,0,300.0,6.0,306.0,385.1379310344828,failed_within_horizon
A9,30,90,2030-07-02,1544,4.23013698630137,52,17,300.0,360.0,660.0,156.02331606217615,failed_within_horizon
A9,30,120,2030-03-04,1424,3.9013698630136986,48,11,300.0,276.0,576.0,147.64044943820224,failed_within_horizon
A9,30,150,2029-12-04,1334,3.654794520547945,45,8,300.0,231.0,531.0,145.28860569715144,failed_within_horizon
A9,30,180,2029-11-04,1304,3.5726027397260274,44,7,300.0,216.0,516.0,144.43251533742333,failed_within_horizon
A9,30,240,2029-09-05,1244,3.408219178082192,42,5,300.0,186.0,486.0,142.59646302250803,failed_within_horizon
A9,30,300,2029-08-06,1214,3.326027397260274,41,4,300.0,171.0,471.0,141.61037891268535,failed_within_horizon
A9,30,365,2029-07-07,1184,3.243835616438356,40,3,300.0,156.0,456.0,140.57432432432432,failed_within_horizon
A9,45,90,2029-06-22,1169,3.202739726027397,26,13,300.0,234.0,534.0,166.732249786142,failed_within_horizon
A9,45,120,2029-02-07,1034,2.8328767123287673,23,8,300.0,165.0,465.0,164.1441005802708,failed_within_horizon
A9,45,150,2028-12-24,989,2.7095890410958905,22,6,300.0,138.0,438.0,161.64812942366027,failed_within_horizon
A9,45,180,2028-11-09,944,2.5863013698630137,21,5,300.0,123.0,423.0,163.5540254237288,failed_within_horizon
A9,45,240,2028-09-25,899,2.463013698630137,20,3,300.0,96.0,396.0,160.7786429365962,failed_within_horizon
A9,45,300,2028-08-11,854,2.33972602739726,19,2,300.0,81.0,381.0,162.83957845433255,failed_within_horizon
A9,45,365,2028-08-11,854,2.33972602739726,19,2,300.0,81.0,381.0,162.83957845433255,failed_within_horizon
A9,60,90,2028-12-09,974,2.6684931506849314,17,10,300.0,171.0,471.0,176.5041067761807,failed_within_horizon
A9,60,120,2028-08-11,854,2.33972602739726,15,7,300.0,129.0,429.0,183.35480093676816,failed_within_horizon
A9,60,150,2028-08-11,854,2.33972602739726,15,5,300.0,105.0,405.0,173.09718969555036,failed_within_horizon
A9,60,180,2028-08-11,854,2.33972602739726,15,4,300.0,93.0,393.0,167.96838407494147,failed_within_horizon
A9,60,240,2028-02-13,674,1.8465753424657534,12,2,300.0,60.0,360.0,194.95548961424333,failed_within_horizon
A9,60,300,2028-02-13,674,1.8465753424657534,12,2,300.0,60.0,360.0,194.95548961424333,failed_within_horizon
A9,60,365,2028-08-11,854,2.33972602739726,15,2,300.0,69.0,369.0,157.71077283372367,failed_within_horizon
A9,75,90,2028-08-11,854,2.33972602739726,12,9,300.0,144.0,444.0,189.76580796252927,failed_within_horizon
A9,75,120,2028-08-11,854,2.33972602739726,12,7,300.0,120.0,420.0,179.5081967213115,failed_within_horizon
A9,75,150,2028-08-11,854,2.33972602739726,12,5,300.0,96.0,396.0,169.2505854800937,failed_within_horizon
A9,75,180,2027-12-30,629,1.7232876712328766,9,3,300.0,63.0,363.0,210.64387917329094,failed_within_horizon
A9,75,240,2027-12-30,629,1.7232876712328766,9,2,300.0,51.0,351.0,203.6804451510334,failed_within_horizon
A9,75,300,2027-10-16,554,1.5178082191780822,8,1,300.0,36.0,336.0,221.37184115523465,failed_within_horizon
A9,75,365,2027-10-16,554,1.5178082191780822,8,1,300.0,36.0,336.0,221.37184115523465,failed_within_horizon
A9,90,90,2028-08-11,854,2.33972602739726,10,9,300.0,138.0,438.0,187.20140515222482,failed_within_horizon
A9,90,120,2028-02-13,674,1.8465753424657534,8,5,300.0,84.0,384.0,207.9525222551929,failed_within_horizon
A9,90,150,2027-11-15,584,1.6,7,3,300.0,57.0,357.0,223.125,failed_within_horizon
A9,90,180,2027-11-15,584,1.6,7,3,300.0,57.0,357.0,223.125,failed_within_horizon
A9,90,240,2027-11-15,584,1.6,7,2,300.0,45.0,345.0,215.625,failed_within_horizon
A9,90,300,2027-08-17,494,1.3534246575342466,6,1,300.0,30.0,330.0,243.8259109311741,failed_within_horizon
A9,90,365,2027-08-17,494,1.3534246575342466,6,1,300.0,30.0,330.0,243.8259109311741,failed_within_horizon
A9,105,90,2028-09-25,899,2.463013698630137,9,10,300.0,147.0,447.0,181.48498331479422,failed_within_horizon
A9,105,120,2028-09-25,899,2.463013698630137,9,7,300.0,111.0,411.0,166.86874304783092,failed_within_horizon
A9,105,150,2027-11-15,584,1.6,6,3,300.0,54.0,354.0,221.25,failed_within_horizon
A9,105,180,2027-11-15,584,1.6,6,3,300.0,54.0,354.0,221.25,failed_within_horizon
A9,105,240,2027-11-15,584,1.6,6,2,300.0,42.0,342.0,213.75,failed_within_horizon
A9,105,300,2027-11-15,584,1.6,6,1,300.0,30.0,330.0,206.25,failed_within_horizon
A9,105,365,2027-11-15,584,1.6,6,1,300.0,30.0,330.0,206.25,failed_within_horizon
A9,120,90,2028-02-13,674,1.8465753424657534,6,7,300.0,102.0,402.0,217.70029673590506,failed_within_horizon
A9,120,120,2027-11-22,591,1.6191780821917807,5,5,300.0,75.0,375.0,231.5989847715736,failed_within_horizon
A9,120,150,2027-10-16,554,1.5178082191780822,5,3,300.0,51.0,351.0,231.25451263537906,failed_within_horizon
A9,120,180,2027-10-16,554,1.5178082191780822,5,3,300.0,51.0,351.0,231.25451263537906,failed_within_horizon
A9,120,240,2027-10-16,554,1.5178082191780822,5,2,300.0,39.0,339.0,223.34837545126354,failed_within_horizon
A9,120,300,2027-10-16,554,1.5178082191780822,5,1,300.0,27.0,327.0,215.442238267148,failed_within_horizon
A9,120,365,2027-10-16,554,1.5178082191780822,5,1,300.0,27.0,327.0,215.442238267148,failed_within_horizon
A9,150,90,2028-08-11,854,2.33972602739726,6,9,300.0,126.0,426.0,182.07259953161594,failed_within_horizon
A9,150,120,2027-10-16,554,1.5178082191780822,4,4,300.0,60.0,360.0,237.18411552346572,failed_within_horizon
A9,150,150,2027-10-16,554,1.5178082191780822,4,3,300.0,48.0,348.0,229.27797833935017,failed_within_horizon
A9,150,180,2027-10-16,554,1.5178082191780822,4,3,300.0,48.0,348.0,229.27797833935017,failed_within_horizon
A9,150,240,2027-10-16,554,1.5178082191780822,4,2,300.0,36.0,336.0,221.37184115523465,failed_within_horizon
A9,150,300,2027-10-16,554,1.5178082191780822,4,1,300.0,24.0,324.0,213.46570397111913,failed_within_horizon
A9,150,365,2027-10-16,554,1.5178082191780822,4,1,300.0,24.0,324.0,213.46570397111913,failed_within_horizon
A10,30,90,2027-11-16,584,1.6,20,6,300.0,132.0,432.0,270.0,failed_within_horizon
A10,30,120,2027-08-18,494,1.3534246575342466,17,4,300.0,99.0,399.0,294.8076923076923,failed_within_horizon
A10,30,150,2027-07-19,464,1.2712328767123289,16,3,300.0,84.0,384.0,302.06896551724134,failed_within_horizon
A10,30,180,2027-07-19,464,1.2712328767123289,16,3,300.0,84.0,384.0,302.06896551724134,failed_within_horizon
A10,30,240,2027-05-20,404,1.106849315068493,14,2,300.0,66.0,366.0,330.6683168316832,failed_within_horizon
A10,30,300,2027-04-20,374,1.0246575342465754,13,1,300.0,51.0,351.0,342.5534759358289,failed_within_horizon
A10,30,365,2027-03-21,344,0.9424657534246575,12,1,300.0,48.0,348.0,369.24418604651163,failed_within_horizon
A10,45,90,2027-05-05,389,1.0657534246575342,9,4,300.0,75.0,375.0,351.8637532133676,failed_within_horizon
A10,45,120,2027-02-04,299,0.8191780821917808,7,3,300.0,57.0,357.0,435.8026755852843,failed_within_horizon
A10,45,150,2027-02-04,299,0.8191780821917808,7,2,300.0,45.0,345.0,421.1538461538462,failed_within_horizon
A10,45,180,2026-12-21,254,0.6958904109589041,6,1,300.0,30.0,330.0,474.21259842519686,failed_within_horizon
A10,45,240,2026-12-21,254,0.6958904109589041,6,1,300.0,30.0,330.0,474.21259842519686,failed_within_horizon
A10,45,300,2026-12-21,254,0.6958904109589041,6,1,300.0,30.0,330.0,474.21259842519686,failed_within_horizon
A10,45,365,2026-12-21,254,0.6958904109589041,6,0,300.0,18.0,318.0,456.9685039370079,failed_within_horizon
A10,60,90,2027-01-20,284,0.7780821917808219,5,3,300.0,51.0,351.0,451.10915492957747,failed_within_horizon
A10,60,120,2026-12-27,260,0.7123287671232876,4,3,300.0,48.0,348.0,488.53846153846155,failed_within_horizon
A10,60,150,2027-01-20,284,0.7780821917808219,5,2,300.0,39.0,339.0,435.6866197183098,failed_within_horizon
A10,60,180,2026-11-21,224,0.6136986301369863,4,1,300.0,24.0,324.0,527.9464285714286,failed_within_horizon
A10,60,240,2026-11-21,224,0.6136986301369863,4,1,300.0,24.0,324.0,527.9464285714286,failed_within_horizon
A10,60,300,2026-11-21,224,0.6136986301369863,4,1,300.0,24.0,324.0,527.9464285714286,failed_within_horizon
A10,60,365,2026-11-21,224,0.6136986301369863,4,0,300.0,12.0,312.0,508.3928571428571,failed_within_horizon
A10,75,90,2026-12-27,260,0.7123287671232876,3,3,300.0,45.0,345.0,484.3269230769231,failed_within_horizon
A10,75,120,2026-12-27,260,0.7123287671232876,3,3,300.0,45.0,345.0,484.3269230769231,failed_within_horizon
A10,75,150,2027-01-20,284,0.7780821917808219,4,2,300.0,36.0,336.0,431.83098591549293,failed_within_horizon
A10,75,180,2026-11-06,209,0.5726027397260274,3,1,300.0,21.0,321.0,560.5980861244019,failed_within_horizon
A10,75,240,2026-11-06,209,0.5726027397260274,3,1,300.0,21.0,321.0,560.5980861244019,failed_within_horizon
A10,75,300,2026-10-28,200,0.547945205479452,2,1,300.0,18.0,318.0,580.35,failed_within_horizon
A10,75,365,2026-11-06,209,0.5726027397260274,3,0,300.0,9.0,309.0,539.6411483253589,failed_within_horizon
A10,90,90,2026-12-21,254,0.6958904109589041,3,2,300.0,33.0,333.0,478.5236220472441,failed_within_horizon
A10,90,120,2026-12-21,254,0.6958904109589041,3,2,300.0,33.0,333.0,478.5236220472441,failed_within_horizon
A10,90,150,2026-12-21,254,0.6958904109589041,3,2,300.0,33.0,333.0,478.5236220472441,failed_within_horizon
A10,90,180,2026-12-21,254,0.6958904109589041,3,1,300.0,21.0,321.0,461.2795275590551,failed_within_horizon
A10,90,240,2026-12-21,254,0.6958904109589041,3,1,300.0,21.0,321.0,461.2795275590551,failed_within_horizon
A10,90,300,2026-10-28,200,0.547945205479452,2,1,300.0,18.0,318.0,580.35,failed_within_horizon
A10,90,365,2026-12-21,254,0.6958904109589041,3,0,300.0,9.0,309.0,444.03543307086613,failed_within_horizon
A10,105,90,2026-12-27,260,0.7123287671232876,2,3,300.0,42.0,342.0,480.11538461538464,failed_within_horizon
A10,105,120,2026-12-27,260,0.7123287671232876,2,3,300.0,42.0,342.0,480.11538461538464,failed_within_horizon
A10,105,150,2027-02-04,299,0.8191780821917808,3,2,300.0,33.0,333.0,406.505016722408,failed_within_horizon
A10,105,180,2026-12-27,260,0.7123287671232876,2,2,300.0,30.0,330.0,463.2692307692308,failed_within_horizon
A10,105,240,2026-10-22,194,0.5315068493150685,2,1,300.0,18.0,318.0,598.2989690721649,failed_within_horizon
A10,105,300,2026-10-22,194,0.5315068493150685,2,0,300.0,6.0,306.0,575.721649484536,failed_within_horizon
A10,105,365,2026-10-22,194,0.5315068493150685,2,0,300.0,6.0,306.0,575.721649484536,failed_within_horizon
A10,120,90,2026-12-27,260,0.7123287671232876,2,3,300.0,42.0,342.0,480.11538461538464,failed_within_horizon
A10,120,120,2026-11-21,224,0.6136986301369863,2,2,300.0,30.0,330.0,537.7232142857142,failed_within_horizon
A10,120,150,2026-10-28,200,0.547945205479452,1,2,300.0,27.0,327.0,596.775,failed_within_horizon
A10,120,180,2026-11-21,224,0.6136986301369863,2,1,300.0,18.0,318.0,518.1696428571428,failed_within_horizon
A10,120,240,2026-11-21,224,0.6136986301369863,2,1,300.0,18.0,318.0,518.1696428571428,failed_within_horizon
A10,120,300,2026-10-28,200,0.547945205479452,1,1,300.0,15.0,315.0,574.875,failed_within_horizon
A10,120,365,2026-11-21,224,0.6136986301369863,2,0,300.0,6.0,306.0,498.6160714285714,failed_within_horizon
A10,150,90,2026-12-27,260,0.7123287671232876,1,3,300.0,39.0,339.0,475.9038461538462,failed_within_horizon
A10,150,120,2026-12-27,260,0.7123287671232876,1,3,300.0,39.0,339.0,475.9038461538462,failed_within_horizon
A10,150,150,2026-10-28,200,0.547945205479452,1,2,300.0,27.0,327.0,596.775,failed_within_horizon
A10,150,180,2026-12-27,260,0.7123287671232876,1,2,300.0,27.0,327.0,459.0576923076923,failed_within_horizon
A10,150,240,2027-01-20,284,0.7780821917808219,2,1,300.0,18.0,318.0,408.69718309859155,failed_within_horizon
A10,150,300,2026-10-28,200,0.547945205479452,1,1,300.0,15.0,315.0,574.875,failed_within_horizon
A10,150,365,2027-01-20,284,0.7780821917808219,2,1,300.0,18.0,318.0,408.69718309859155,failed_within_horizon
