scenario,purchase_cost,mid_cost,big_cost,same_filter_count,all_filters_same,base_plan_total_annual_cost,reoptimized_total_annual_cost,annual_cost_penalty,annual_cost_penalty_pct,purchase_factor,mid_factor,big_factor
purchase_0.7_mid_0.7_big_0.7,210.0,2.0999999999999996,8.399999999999999,10,True,983.3098783132685,983.3098783132685,0.0,0.0,0.7,0.7,0.7
purchase_0.7_mid_0.7_big_0.8,210.0,2.0999999999999996,9.600000000000001,9,False,998.4462729027396,998.1570117437304,0.2892611590091292,0.028979524824837365,0.7,0.7,0.8
purchase_0.7_mid_0.7_big_0.9,210.0,2.0999999999999996,10.8,9,False,1013.5826674922102,1012.8265286730461,0.7561388191641072,0.07465630073441716,0.7,0.7,0.9
purchase_0.7_mid_0.7_big_1.0,210.0,2.0999999999999996,12.0,9,False,1028.7190620816812,1027.4960456023623,1.2230164793188578,0.11902882590675792,0.7,0.7,1.0
purchase_0.7_mid_0.7_big_1.1,210.0,2.0999999999999996,13.200000000000001,9,False,1043.855456671152,1042.165562531678,1.6898941394740632,0.16215217622129943,0.7,0.7,1.1
purchase_0.7_mid_0.7_big_1.2,210.0,2.0999999999999996,14.399999999999999,9,False,1058.9918512606228,1056.8350794609937,2.156771799629041,0.2040783696098578,0.7,0.7,1.2
purchase_0.7_mid_0.7_big_1.3,210.0,2.0999999999999996,15.600000000000001,9,False,1074.1282458500937,1071.5045963903099,2.623649459783792,0.24485657538216407,0.7,0.7,1.3
purchase_0.7_mid_0.8_big_0.7,210.0,2.4000000000000004,8.399999999999999,10,True,1008.702615218881,1008.702615218881,0.0,0.0,0.7,0.8,0.7
purchase_0.7_mid_0.8_big_0.8,210.0,2.4000000000000004,9.600000000000001,9,False,1023.8390098083518,1023.5508945622532,0.2881152460985277,0.028148599901497543,0.7,0.8,0.8
purchase_0.7_mid_0.8_big_0.9,210.0,2.4000000000000004,10.8,9,False,1038.9754043978226,1038.220411491569,0.7549929062536194,0.07271990589830071,0.7,0.8,0.9
purchase_0.7_mid_0.8_big_1.0,210.0,2.4000000000000004,12.0,9,False,1054.1117989872932,1052.889928420885,1.2218705664081426,0.1160492216162323,0.7,0.8,1.0
purchase_0.7_mid_0.8_big_1.1,210.0,2.4000000000000004,13.200000000000001,9,False,1069.2481935767642,1067.5594453502008,1.688748226563348,0.15818774625794946,0.7,0.8,1.1
purchase_0.7_mid_0.8_big_1.2,210.0,2.4000000000000004,14.399999999999999,9,False,1084.3845881662348,1082.2289622795167,2.1556258867180986,0.1991839030234109,0.7,0.8,1.2
purchase_0.7_mid_0.8_big_1.3,210.0,2.4000000000000004,15.600000000000001,9,False,1099.520982755706,1096.8984792088327,2.622503546873304,0.23908352473647831,0.7,0.8,1.3
purchase_0.7_mid_0.9_big_0.7,210.0,2.7,8.399999999999999,10,True,1034.095352124493,1034.095352124493,0.0,0.0,0.7,0.9,0.7
purchase_0.7_mid_0.9_big_0.8,210.0,2.7,9.600000000000001,9,False,1049.2317467139637,1048.944777380776,0.2869693331876988,0.027357906667333207,0.7,0.9,0.8
purchase_0.7_mid_0.9_big_0.9,210.0,2.7,10.8,9,False,1064.3681413034346,1063.6142943100917,0.7538469933429042,0.07087597424890603,0.7,0.9,0.9
purchase_0.7_mid_0.9_big_1.0,210.0,2.7,12.0,9,False,1079.5045358929056,1078.2838112394077,1.2207246534978822,0.11320995834062919,0.7,0.9,1.0
purchase_0.7_mid_0.9_big_1.1,210.0,2.7,13.200000000000001,9,False,1094.6409304823765,1092.9533281687234,1.6876023136530875,0.15440753691474793,0.7,0.9,1.1
purchase_0.7_mid_0.9_big_1.2,210.0,2.7,14.399999999999999,9,False,1109.7773250718471,1107.6228450980393,2.154479973807838,0.19451386212760338,0.7,0.9,1.2
purchase_0.7_mid_0.9_big_1.3,210.0,2.7,15.600000000000001,9,False,1124.913719661318,1122.2923620273552,2.621357633962816,0.23357172539493076,0.7,0.9,1.3
purchase_0.7_mid_1.0_big_0.7,210.0,3.0,8.399999999999999,10,True,1059.4880890301051,1059.4880890301051,0.0,0.0,0.7,1.0,0.7
purchase_0.7_mid_1.0_big_0.8,210.0,3.0,9.600000000000001,9,False,1074.624483619576,1074.3386601992988,0.28582342027721097,0.02660459228230587,0.7,1.0,0.8
purchase_0.7_mid_1.0_big_0.9,210.0,3.0,10.8,9,False,1089.7608782090467,1089.0081771286145,0.752701080432189,0.06911803751711344,0.7,1.0,0.9
purchase_0.7_mid_1.0_big_1.0,210.0,3.0,12.0,9,False,1104.8972727985176,1103.6776940579305,1.219578740587167,0.11050134900372037,0.7,1.0,1.0
purchase_0.7_mid_1.0_big_1.1,210.0,3.0,13.200000000000001,9,False,1120.0336673879885,1118.3472109872464,1.686456400742145,0.1507989991098907,0.7,1.0,1.1
purchase_0.7_mid_1.0_big_1.2,210.0,3.0,14.399999999999999,9,False,1135.1700619774592,1133.0167279165623,2.1533340608968956,0.1900531570135363,0.7,1.0,1.2
purchase_0.7_mid_1.0_big_1.3,210.0,3.0,15.600000000000001,9,False,1150.3064565669301,1147.686244845878,2.620211721052101,0.22830383589758607,0.7,1.0,1.3
purchase_0.7_mid_1.1_big_0.7,210.0,3.3000000000000003,8.399999999999999,9,False,1084.8808259357172,1084.0640475389653,0.8167783967519426,0.07534410892107227,0.7,1.1,0.7
purchase_0.7_mid_1.1_big_0.8,210.0,3.3000000000000003,9.600000000000001,9,False,1100.0172205251881,1098.5033003503765,1.5139201748115738,0.1378166250687364,0.7,1.1,0.8
purchase_0.7_mid_1.1_big_0.9,210.0,3.3000000000000003,10.8,9,False,1115.1536151146588,1112.9425531617878,2.2110619528709776,0.19866811153814845,0.7,1.1,0.9
purchase_0.7_mid_1.1_big_1.0,210.0,3.3000000000000003,12.0,9,False,1130.2900097041297,1127.381805973199,2.908203730930609,0.257960853680811,0.7,1.1,1.0
purchase_0.7_mid_1.1_big_1.1,210.0,3.3000000000000003,13.200000000000001,9,False,1145.4264042936004,1141.8210587846104,3.6053455089900126,0.3157539862531222,0.7,1.1,1.1
purchase_0.7_mid_1.1_big_1.2,210.0,3.3000000000000003,14.399999999999999,9,False,1160.5627988830715,1156.260311596022,4.302487287049644,0.37210369013797484,0.7,1.1,1.2
purchase_0.7_mid_1.1_big_1.3,210.0,3.3000000000000003,15.600000000000001,9,False,1175.6991934725422,1170.699564407433,4.999629065109275,0.42706337450803716,0.7,1.1,1.3
purchase_0.7_mid_1.2_big_0.7,210.0,3.5999999999999996,8.399999999999999,8,False,1110.2735628413293,1105.299570230262,4.973992611067388,0.45001307745294605,0.7,1.2,0.7
purchase_0.7_mid_1.2_big_0.8,210.0,3.5999999999999996,9.600000000000001,9,False,1125.4099574308002,1121.4457020657328,3.9642553650674017,0.35349507851919515,0.7,1.2,0.8
purchase_0.7_mid_1.2_big_0.9,210.0,3.5999999999999996,10.8,9,False,1140.5463520202711,1135.884954877144,4.661397143127033,0.41037581518378363,0.7,1.2,0.9
purchase_0.7_mid_1.2_big_1.0,210.0,3.5999999999999996,12.0,9,False,1155.6827466097416,1150.3242076885556,5.358538921185982,0.46582857992298976,0.7,1.2,1.0
purchase_0.7_mid_1.2_big_1.1,210.0,3.5999999999999996,13.200000000000001,9,False,1170.8191411992125,1164.7634604999666,6.0556806992458405,0.5199064792645952,0.7,1.2,1.1
purchase_0.7_mid_1.2_big_1.2,210.0,3.5999999999999996,14.399999999999999,9,False,1185.9555357886834,1179.202713311378,6.752822477305472,0.5726600185936254,0.7,1.2,1.2
purchase_0.7_mid_1.2_big_1.3,210.0,3.5999999999999996,15.600000000000001,9,False,1201.0919303781543,1193.6419661227892,7.449964255365103,0.6241372594802628,0.7,1.2,1.3
purchase_0.7_mid_1.3_big_0.7,210.0,3.9000000000000004,8.399999999999999,8,False,1135.6662997469416,1125.3948029068742,10.271496840067357,0.9127016415515931,0.7,1.3,0.7
purchase_0.7_mid_1.3_big_0.8,210.0,3.9000000000000004,9.600000000000001,8,False,1150.8026943364125,1142.4199362107738,8.382758125638702,0.7337720447564128,0.7,1.3,0.8
purchase_0.7_mid_1.3_big_0.9,210.0,3.9000000000000004,10.8,9,False,1165.9390889258834,1158.8273565925003,7.111732333383088,0.6137007633557202,0.7,1.3,0.9
purchase_0.7_mid_1.3_big_1.0,210.0,3.9000000000000004,12.0,9,False,1181.0754835153543,1173.2666094039116,7.808874111442719,0.6655668923715545,0.7,1.3,1.0
purchase_0.7_mid_1.3_big_1.1,210.0,3.9000000000000004,13.200000000000001,9,False,1196.2118781048248,1187.705862215323,8.506015889501896,0.7161719210206116,0.7,1.3,1.1
purchase_0.7_mid_1.3_big_1.2,210.0,3.9000000000000004,14.399999999999999,9,False,1211.3482726942957,1202.1451150267342,9.203157667561527,0.7655612914383353,0.7,1.3,1.2
purchase_0.7_mid_1.3_big_1.3,210.0,3.9000000000000004,15.600000000000001,9,False,1226.4846672837666,1216.5843678381455,9.900299445621158,0.8137782884070639,0.7,1.3,1.3
purchase_0.8_mid_0.7_big_0.7,240.0,2.0999999999999996,8.399999999999999,9,False,1083.253586577224,1082.8802420758445,0.37334450137950626,0.03447698894790227,0.8,0.7,0.7
purchase_0.8_mid_0.7_big_0.8,240.0,2.0999999999999996,9.600000000000001,10,True,1098.3899811666947,1098.389981166695,-2.2737367544323206e-13,-2.0700632684369427e-14,0.8,0.7,0.8
purchase_0.8_mid_0.7_big_0.9,240.0,2.0999999999999996,10.8,9,False,1113.5263757561656,1113.2613424701242,0.2650332860414437,0.023806924387887497,0.8,0.7,0.9
purchase_0.8_mid_0.7_big_1.0,240.0,2.0999999999999996,12.0,9,False,1128.6627703456365,1127.9308593994401,0.7319109461964217,0.06488969958549792,0.8,0.7,1.0
purchase_0.8_mid_0.7_big_1.1,240.0,2.0999999999999996,13.200000000000001,9,False,1143.7991649351075,1142.6003763287558,1.198788606351627,0.10491757496207095,0.8,0.7,1.1
purchase_0.8_mid_0.7_big_1.2,240.0,2.0999999999999996,14.399999999999999,9,False,1158.9355595245784,1157.2698932580715,1.6656662665068325,0.14393066614888497,0.8,0.7,1.2
purchase_0.8_mid_0.7_big_1.3,240.0,2.0999999999999996,15.600000000000001,9,False,1174.0719541140493,1171.9394101873877,2.132543926661583,0.18196708021966762,0.8,0.7,1.3
purchase_0.8_mid_0.8_big_0.7,240.0,2.4000000000000004,8.399999999999999,10,True,1108.6463234828361,1108.6463234828361,0.0,0.0,0.8,0.8,0.7
purchase_0.8_mid_0.8_big_0.8,240.0,2.4000000000000004,9.600000000000001,10,True,1123.7827180723073,1123.7827180723073,0.0,0.0,0.8,0.8,0.8
purchase_0.8_mid_0.8_big_0.9,240.0,2.4000000000000004,10.8,9,False,1138.919112661778,1138.6552252886468,0.26388737313118327,0.02317535345822423,0.8,0.8,0.9
purchase_0.8_mid_0.8_big_1.0,240.0,2.4000000000000004,12.0,9,False,1154.0555072512489,1153.3247422179627,0.7307650332861613,0.06336160203073633,0.8,0.8,1.0
purchase_0.8_mid_0.8_big_1.1,240.0,2.4000000000000004,13.200000000000001,9,False,1169.1919018407195,1167.9942591472786,1.197642693440912,0.10253840582361072,0.8,0.8,1.1
purchase_0.8_mid_0.8_big_1.2,240.0,2.4000000000000004,14.399999999999999,9,False,1184.3282964301904,1182.6637760765943,1.6645203535961173,0.14074332766985126,0.8,0.8,1.2
purchase_0.8_mid_0.8_big_1.3,240.0,2.4000000000000004,15.600000000000001,9,False,1199.4646910196611,1197.3332930059105,2.1313980137506405,0.17801208954941497,0.8,0.8,1.3
purchase_0.8_mid_0.9_big_0.7,240.0,2.7,8.399999999999999,10,True,1134.0390603884484,1134.0390603884484,0.0,0.0,0.8,0.9,0.7
purchase_0.8_mid_0.9_big_0.8,240.0,2.7,9.600000000000001,10,True,1149.1754549779193,1149.1754549779193,0.0,0.0,0.8,0.9,0.8
purchase_0.8_mid_0.9_big_0.9,240.0,2.7,10.8,9,False,1164.31184956739,1164.0491081071696,0.26274146022046807,0.02257133813260724,0.8,0.9,0.9
purchase_0.8_mid_0.9_big_1.0,240.0,2.7,12.0,9,False,1179.448244156861,1178.7186250364855,0.7296191203754461,0.06189934602525363,0.8,0.9,1.0
purchase_0.8_mid_0.9_big_1.1,240.0,2.7,13.200000000000001,9,False,1194.5846387463318,1193.3881419658012,1.1964967805306514,0.10026048847441449,0.8,0.9,1.1
purchase_0.8_mid_0.9_big_1.2,240.0,2.7,14.399999999999999,9,False,1209.7210333358025,1208.0576588951171,1.663374440685402,0.1376899875960155,0.8,0.9,1.2
purchase_0.8_mid_0.9_big_1.3,240.0,2.7,15.600000000000001,9,False,1224.8574279252734,1222.727175824433,2.13025210084038,0.1742213752143066,0.8,0.9,1.3
purchase_0.8_mid_1.0_big_0.7,240.0,3.0,8.399999999999999,10,True,1159.4317972940605,1159.4317972940605,0.0,0.0,0.8,1.0,0.7
purchase_0.8_mid_1.0_big_0.8,240.0,3.0,9.600000000000001,10,True,1174.5681918835314,1174.5681918835314,0.0,0.0,0.8,1.0,0.8
purchase_0.8_mid_1.0_big_0.9,240.0,3.0,10.8,9,False,1189.704586473002,1189.4429909256924,0.2615955473097529,0.021993113525026056,0.8,1.0,0.9
purchase_0.8_mid_1.0_big_1.0,240.0,3.0,12.0,9,False,1204.840981062473,1204.1125078550083,0.7284732074647309,0.060498765913695594,0.8,1.0,1.0
purchase_0.8_mid_1.0_big_1.1,240.0,3.0,13.200000000000001,9,False,1219.977375651944,1218.782024784324,1.1953508676199363,0.09807749403191812,0.8,1.0,1.1
purchase_0.8_mid_1.0_big_1.2,240.0,3.0,14.399999999999999,9,False,1235.1137702414146,1233.45154171364,1.6622285277746869,0.13476236978595407,0.8,1.0,1.2
purchase_0.8_mid_1.0_big_1.3,240.0,3.0,15.600000000000001,9,False,1250.2501648308855,1248.1210586429559,2.129106187929665,0.17058491026860628,0.8,1.0,1.3
purchase_0.8_mid_1.1_big_0.7,240.0,3.3000000000000003,8.399999999999999,10,True,1184.8245341996726,1184.8245341996726,0.0,0.0,0.8,1.1,0.7
purchase_0.8_mid_1.1_big_0.8,240.0,3.3000000000000003,9.600000000000001,10,True,1199.9609287891435,1199.9609287891435,0.0,0.0,0.8,1.1,0.8
purchase_0.8_mid_1.1_big_0.9,240.0,3.3000000000000003,10.8,9,False,1215.0973233786144,1214.8368737442152,0.26044963439926505,0.021439062315958556,0.8,1.1,0.9
purchase_0.8_mid_1.1_big_1.0,240.0,3.3000000000000003,12.0,9,False,1230.2337179680853,1229.506390673531,0.727327294554243,0.059156040185834965,0.8,1.1,1.0
purchase_0.8_mid_1.1_big_1.1,240.0,3.3000000000000003,13.200000000000001,9,False,1245.370112557556,1244.1759076028468,1.194204954709221,0.09598361030877822,0.8,1.1,1.1
purchase_0.8_mid_1.1_big_1.2,240.0,3.3000000000000003,14.399999999999999,9,False,1260.506507147027,1258.8454245321627,1.661082614864199,0.13195286589547114,0.8,1.1,1.2
purchase_0.8_mid_1.1_big_1.3,240.0,3.3000000000000003,15.600000000000001,9,False,1275.6429017364976,1273.5149414614787,2.1279602750189497,0.16709346751573362,0.8,1.1,1.3
purchase_0.8_mid_1.2_big_0.7,240.0,3.5999999999999996,8.399999999999999,10,True,1210.2172711052847,1210.2172711052847,0.0,0.0,0.8,1.2,0.7
purchase_0.8_mid_1.2_big_0.8,240.0,3.5999999999999996,9.600000000000001,10,True,1225.3536656947558,1225.3536656947556,2.2737367544323206e-13,1.8555759190903868e-14,0.8,1.2,0.8
purchase_0.8_mid_1.2_big_0.9,240.0,3.5999999999999996,10.8,9,False,1240.4900602842263,1240.2307565627377,0.25930372148854985,0.020907699645121066,0.8,1.2,0.9
purchase_0.8_mid_1.2_big_1.0,240.0,3.5999999999999996,12.0,9,False,1255.6264548736972,1254.6989018300078,0.927553043689386,0.07392634538346436,0.8,1.2,1.0
purchase_0.8_mid_1.2_big_1.1,240.0,3.5999999999999996,13.200000000000001,9,False,1270.762849463168,1269.138154641419,1.6246948217490171,0.1280155998625742,0.8,1.2,1.1
purchase_0.8_mid_1.2_big_1.2,240.0,3.5999999999999996,14.399999999999999,9,False,1285.899244052639,1283.5774074528304,2.3218365998086483,0.18088792980675555,0.8,1.2,1.2
purchase_0.8_mid_1.2_big_1.3,240.0,3.5999999999999996,15.600000000000001,9,False,1301.0356386421097,1298.0166602642419,3.0189783778678247,0.23258394674635693,0.8,1.2,1.3
purchase_0.8_mid_1.3_big_0.7,240.0,3.9000000000000004,8.399999999999999,8,False,1235.610008010897,1231.8206379045337,3.7893701063633216,0.3076235281144071,0.8,1.3,0.7
purchase_0.8_mid_1.3_big_0.8,240.0,3.9000000000000004,9.600000000000001,9,False,1250.746402600368,1248.7627979225417,1.9836046778261789,0.1588455935047176,0.8,1.3,0.8
purchase_0.8_mid_1.3_big_0.9,240.0,3.9000000000000004,10.8,9,False,1265.8827971898386,1263.2020507339528,2.68074645588581,0.2122183426102125,0.8,1.3,0.9
purchase_0.8_mid_1.3_big_1.0,240.0,3.9000000000000004,12.0,9,False,1281.0191917793095,1277.641303545364,3.3778882339454412,0.26438470833496386,0.8,1.3,1.0
purchase_0.8_mid_1.3_big_1.1,240.0,3.9000000000000004,13.200000000000001,9,False,1296.1555863687802,1292.0805563567756,4.075030012004618,0.31538513538929847,0.8,1.3,1.1
purchase_0.8_mid_1.3_big_1.2,240.0,3.9000000000000004,14.399999999999999,9,False,1311.291980958251,1306.5198091681868,4.772171790064249,0.3652582805539332,0.8,1.3,1.2
purchase_0.8_mid_1.3_big_1.3,240.0,3.9000000000000004,15.600000000000001,9,False,1326.428375547722,1320.9590619795981,5.46931356812388,0.41404111039804137,0.8,1.3,1.3
purchase_0.9_mid_0.7_big_0.7,270.0,2.0999999999999996,8.399999999999999,8,False,1183.1972948411794,1175.9844095694139,7.212885271765572,0.6133487156013034,0.9,0.7,0.7
purchase_0.9_mid_0.7_big_0.8,270.0,2.0999999999999996,9.600000000000001,9,False,1198.3336894306503,1195.974929083784,2.3587603468663474,0.19722489907655116,0.9,0.7,0.8
purchase_0.9_mid_0.7_big_0.9,270.0,2.0999999999999996,10.8,10,True,1213.4700840201212,1213.4700840201212,0.0,0.0,0.9,0.7,0.9
purchase_0.9_mid_0.7_big_1.0,270.0,2.0999999999999996,12.0,9,False,1228.6064786095922,1228.3656731965177,0.24080541307444037,0.019603723738697766,0.9,0.7,1.0
purchase_0.9_mid_0.7_big_1.1,270.0,2.0999999999999996,13.200000000000001,9,False,1243.7428731990626,1243.0351901258337,0.7076830732289636,0.056931861531395914,0.9,0.7,1.1
purchase_0.9_mid_0.7_big_1.2,270.0,2.0999999999999996,14.399999999999999,9,False,1258.8792677885335,1257.7047070551494,1.174560733384169,0.09338922934735153,0.9,0.7,1.2
purchase_0.9_mid_0.7_big_1.3,270.0,2.0999999999999996,15.600000000000001,9,False,1274.0156623780044,1272.3742239844653,1.641438393539147,0.12900594515338026,0.9,0.7,1.3
purchase_0.9_mid_0.8_big_0.7,270.0,2.4000000000000004,8.399999999999999,8,False,1208.5900317467917,1204.1267510796672,4.463280667124536,0.37066535255716093,0.9,0.8,0.7
purchase_0.9_mid_0.8_big_0.8,270.0,2.4000000000000004,9.600000000000001,10,True,1223.7264263362626,1223.7264263362626,0.0,0.0,0.9,0.8,0.8
purchase_0.9_mid_0.8_big_0.9,270.0,2.4000000000000004,10.8,10,True,1238.8628209257336,1238.8628209257333,2.2737367544323206e-13,1.835341828026838e-14,0.9,0.8,0.9
purchase_0.9_mid_0.8_big_1.0,270.0,2.4000000000000004,12.0,9,False,1253.9992155152045,1253.7595560150405,0.23965950016395254,0.019115268076256044,0.9,0.8,1.0
purchase_0.9_mid_0.8_big_1.1,270.0,2.4000000000000004,13.200000000000001,9,False,1269.135610104675,1268.4290729443564,0.7065371603184758,0.055701747570198606,0.9,0.8,1.1
purchase_0.9_mid_0.8_big_1.2,270.0,2.4000000000000004,14.399999999999999,9,False,1284.2720046941458,1283.0985898736722,1.1734148204736812,0.09145164913548927,0.9,0.8,1.2
purchase_0.9_mid_0.8_big_1.3,270.0,2.4000000000000004,15.600000000000001,9,False,1299.4083992836167,1297.768106802988,1.6402924806286592,0.12639334192527427,0.9,0.8,1.3
purchase_0.9_mid_0.9_big_0.7,270.0,2.7,8.399999999999999,8,False,1233.9827686524038,1232.2690925899208,1.7136760624830458,0.13906670813931787,0.9,0.9,0.7
purchase_0.9_mid_0.9_big_0.8,270.0,2.7,9.600000000000001,10,True,1249.1191632418747,1249.1191632418747,0.0,0.0,0.9,0.9,0.8
purchase_0.9_mid_0.9_big_0.9,270.0,2.7,10.8,10,True,1264.2555578313454,1264.2555578313454,0.0,0.0,0.9,0.9,0.9
purchase_0.9_mid_0.9_big_1.0,270.0,2.7,12.0,9,False,1279.3919524208163,1279.1534388335633,0.23851358725300997,0.01864620615572954,0.9,0.9,1.0
purchase_0.9_mid_0.9_big_1.1,270.0,2.7,13.200000000000001,9,False,1294.528347010287,1293.822955762879,0.705391247407988,0.05451992053982895,0.9,0.9,1.1
purchase_0.9_mid_0.9_big_1.2,270.0,2.7,14.399999999999999,9,False,1309.6647415997581,1308.4924726921947,1.1722689075634207,0.08958927407136726,0.9,0.9,1.2
purchase_0.9_mid_0.9_big_1.3,270.0,2.7,15.600000000000001,9,False,1324.8011361892288,1323.1619896215107,1.6391465677181714,0.12388101990346986,0.9,0.9,1.3
purchase_0.9_mid_1.0_big_0.7,270.0,3.0,8.399999999999999,9,False,1259.3755055580161,1258.3181152196066,1.0573903384095047,0.08403203654307757,0.9,1.0,0.7
purchase_0.9_mid_1.0_big_0.8,270.0,3.0,9.600000000000001,10,True,1274.5119001474868,1274.5119001474868,0.0,0.0,0.9,1.0,0.8
purchase_0.9_mid_1.0_big_0.9,270.0,3.0,10.8,10,True,1289.6482947369575,1289.6482947369577,-2.2737367544323206e-13,-1.763067313554725e-14,0.9,1.0,0.9
purchase_0.9_mid_1.0_big_1.0,270.0,3.0,12.0,9,False,1304.7846893264284,1304.547321652086,0.23736767434229478,0.018195405440846024,0.9,1.0,1.0
purchase_0.9_mid_1.0_big_1.1,270.0,3.0,13.200000000000001,9,False,1319.9210839158993,1319.216838581402,0.7042453344972728,0.05338359198436031,0.9,1.0,1.1
purchase_0.9_mid_1.0_big_1.2,270.0,3.0,14.399999999999999,9,False,1335.05747850537,1333.8863555107175,1.1711229946524782,0.08779780899730992,0.9,1.0,1.2
purchase_0.9_mid_1.0_big_1.3,270.0,3.0,15.600000000000001,9,False,1350.193873094841,1348.5558724400335,1.6380006548074562,0.12146331407416668,0.9,1.0,1.3
purchase_0.9_mid_1.1_big_0.7,270.0,3.3000000000000003,8.399999999999999,9,False,1284.7682424636282,1283.6959809710897,1.0722614925384732,0.08352923966680408,0.9,1.1,0.7
purchase_0.9_mid_1.1_big_0.8,270.0,3.3000000000000003,9.600000000000001,10,True,1299.904637053099,1299.904637053099,0.0,0.0,0.9,1.1,0.8
purchase_0.9_mid_1.1_big_0.9,270.0,3.3000000000000003,10.8,10,True,1315.0410316425698,1315.0410316425698,0.0,0.0,0.9,1.1,0.9
purchase_0.9_mid_1.1_big_1.0,270.0,3.3000000000000003,12.0,9,False,1330.1774262320407,1329.941204470609,0.23622176143180695,0.017761819893822785,0.9,1.1,1.0
purchase_0.9_mid_1.1_big_1.1,270.0,3.3000000000000003,13.200000000000001,9,False,1345.3138208215114,1344.6107213999246,0.703099421586785,0.052290184095420696,0.9,1.1,1.1
purchase_0.9_mid_1.1_big_1.2,270.0,3.3000000000000003,14.399999999999999,9,False,1360.4502154109823,1359.2802383292405,1.169977081741763,0.08607327972190933,0.9,1.1,1.2
purchase_0.9_mid_1.1_big_1.3,270.0,3.3000000000000003,15.600000000000001,9,False,1375.586610000453,1373.9497552585563,1.636854741896741,0.11913497823570046,0.9,1.1,1.3
purchase_0.9_mid_1.2_big_0.7,270.0,3.5999999999999996,8.399999999999999,9,False,1310.16097936924,1309.0738467225726,1.0871326466674418,0.08304593735404707,0.9,1.2,0.7
purchase_0.9_mid_1.2_big_0.8,270.0,3.5999999999999996,9.600000000000001,10,True,1325.297373958711,1325.297373958711,0.0,0.0,0.9,1.2,0.8
purchase_0.9_mid_1.2_big_0.9,270.0,3.5999999999999996,10.8,10,True,1340.433768548182,1340.4337685481817,2.2737367544323206e-13,1.6962693777067374e-14,0.9,1.2,0.9
purchase_0.9_mid_1.2_big_1.0,270.0,3.5999999999999996,12.0,9,False,1355.5701631376526,1355.3350872891313,0.23507584852131913,0.01734448187211808,0.9,1.2,1.0
purchase_0.9_mid_1.2_big_1.1,270.0,3.5999999999999996,13.200000000000001,9,False,1370.7065577271235,1370.0046042184474,0.7019535086760698,0.051237310189662925,0.9,1.2,1.1
purchase_0.9_mid_1.2_big_1.2,270.0,3.5999999999999996,14.399999999999999,9,False,1385.8429523165942,1384.6741211477631,1.1688311688310478,0.08441200358841097,0.9,1.2,1.2
purchase_0.9_mid_1.2_big_1.3,270.0,3.5999999999999996,15.600000000000001,9,False,1400.979346906065,1399.343638077079,1.6357088289860258,0.11689114699758453,0.9,1.2,1.3
purchase_0.9_mid_1.3_big_0.7,270.0,3.9000000000000004,8.399999999999999,8,False,1335.5537162748524,1333.9999461236664,1.5537701511859723,0.11647452878097285,0.9,1.3,0.7
purchase_0.9_mid_1.3_big_0.8,270.0,3.9000000000000004,9.600000000000001,10,True,1350.6901108643233,1350.6901108643233,0.0,0.0,0.9,1.3,0.8
purchase_0.9_mid_1.3_big_0.9,270.0,3.9000000000000004,10.8,10,True,1365.8265054537942,1365.8265054537942,0.0,0.0,0.9,1.3,0.9
purchase_0.9_mid_1.3_big_1.0,270.0,3.9000000000000004,12.0,9,False,1380.9629000432649,1380.728970107654,0.2339299356108313,0.016942494919375235,0.9,1.3,1.0
purchase_0.9_mid_1.3_big_1.1,270.0,3.9000000000000004,13.200000000000001,9,False,1396.0992946327358,1395.39848703697,0.7008075957658093,0.05022275731815681,0.9,1.3,1.1
purchase_0.9_mid_1.3_big_1.2,270.0,3.9000000000000004,14.399999999999999,9,False,1411.2356892222067,1410.068003966286,1.1676852559207873,0.0828105632236377,0.9,1.3,1.2
purchase_0.9_mid_1.3_big_1.3,270.0,3.9000000000000004,15.600000000000001,9,False,1426.3720838116774,1424.7375208956018,1.634562916075538,0.11472730184350294,0.9,1.3,1.3
purchase_1.0_mid_0.7_big_0.7,300.0,2.0999999999999996,8.399999999999999,5,False,1283.1410031051348,1267.0072048095265,16.133798295608358,1.2733785754623081,1.0,0.7,0.7
purchase_1.0_mid_0.7_big_0.8,300.0,2.0999999999999996,9.600000000000001,8,False,1298.2773976946057,1289.3888268219698,8.88857087263591,0.6893631065924526,1.0,0.7,0.8
purchase_1.0_mid_0.7_big_0.9,300.0,2.0999999999999996,10.8,9,False,1313.4137922840766,1309.0696160917232,4.344176192353416,0.3318521902084259,1.0,0.7,0.9
purchase_1.0_mid_0.7_big_1.0,300.0,2.0999999999999996,12.0,9,False,1328.5501868735473,1326.5813939280597,1.9687929454876212,0.14841101755980066,1.0,0.7,1.0
purchase_1.0_mid_0.7_big_1.1,300.0,2.0999999999999996,13.200000000000001,8,False,1343.6865814630182,1343.126405663635,0.5601757993831598,0.04170685625872856,1.0,0.7,1.1
purchase_1.0_mid_0.7_big_1.2,300.0,2.0999999999999996,14.399999999999999,9,False,1358.8229760524891,1358.1395208522272,0.6834552002619603,0.05032290053919459,1.0,0.7,1.2
purchase_1.0_mid_0.7_big_1.3,300.0,2.0999999999999996,15.600000000000001,9,False,1373.95937064196,1372.809037781543,1.1503328604169383,0.08379409144012295,1.0,0.7,1.3
purchase_1.0_mid_0.8_big_0.7,300.0,2.4000000000000004,8.399999999999999,5,False,1308.5337400107471,1295.139630774739,13.394109236008035,1.0341826408320018,1.0,0.8,0.7
purchase_1.0_mid_0.8_big_0.8,300.0,2.4000000000000004,9.600000000000001,8,False,1323.670134600218,1317.5311683322232,6.138966267994874,0.46594467102936105,1.0,0.8,0.8
purchase_1.0_mid_0.8_big_0.9,300.0,2.4000000000000004,10.8,9,False,1338.8065291896887,1337.2268287561058,1.579700433582957,0.1181325710502235,1.0,0.8,0.9
purchase_1.0_mid_0.8_big_1.0,300.0,2.4000000000000004,12.0,10,True,1353.9429237791596,1353.9429237791594,2.2737367544323206e-13,1.6793446123163078e-14,1.0,0.8,1.0
purchase_1.0_mid_0.8_big_1.1,300.0,2.4000000000000004,13.200000000000001,9,False,1369.0793183686305,1368.8638867414343,0.21543162719626707,0.015737987486038496,1.0,0.8,1.1
purchase_1.0_mid_0.8_big_1.2,300.0,2.4000000000000004,14.399999999999999,9,False,1384.2157129581012,1383.5334036707497,0.6823092873514724,0.04931643034719579,1.0,0.8,1.2
purchase_1.0_mid_0.8_big_1.3,300.0,2.4000000000000004,15.600000000000001,9,False,1399.3521075475721,1398.202920600066,1.149186947506223,0.08219028372598644,1.0,0.8,1.3
purchase_1.0_mid_0.9_big_0.7,300.0,2.7,8.399999999999999,5,False,1333.9264769163592,1323.2720567399517,10.654420176407484,0.8051571951618172,1.0,0.9,0.7
purchase_1.0_mid_0.9_big_0.8,300.0,2.7,9.600000000000001,8,False,1349.0628715058301,1345.6735098424767,3.389361663353384,0.2518710250713146,1.0,0.9,0.8
purchase_1.0_mid_0.9_big_0.9,300.0,2.7,10.8,10,True,1364.199266095301,1364.1992660953008,2.2737367544323206e-13,1.6667189397780257e-14,1.0,0.9,0.9
purchase_1.0_mid_0.9_big_1.0,300.0,2.7,12.0,10,True,1379.335660684772,1379.335660684772,0.0,0.0,1.0,0.9,1.0
purchase_1.0_mid_0.9_big_1.1,300.0,2.7,13.200000000000001,9,False,1394.4720552742426,1394.2577695599568,0.21428571428577925,0.015369160492712202,1.0,0.9,1.1
purchase_1.0_mid_0.9_big_1.2,300.0,2.7,14.399999999999999,9,False,1409.6084498637135,1408.9272864892725,0.6811633744409846,0.048346240503176666,1.0,0.9,1.2
purchase_1.0_mid_0.9_big_1.3,300.0,2.7,15.600000000000001,9,False,1424.7448444531842,1423.5968034185885,1.1480410345957353,0.08064369292196072,1.0,0.9,1.3
purchase_1.0_mid_1.0_big_0.7,300.0,3.0,8.399999999999999,5,False,1359.3192138219715,1351.4044827051644,7.914731116807161,0.5856670758531083,1.0,1.0,0.7
purchase_1.0_mid_1.0_big_0.8,300.0,3.0,9.600000000000001,9,False,1374.4556084114422,1373.7079483176494,0.7476600937927742,0.054426422640155604,1.0,1.0,0.8
purchase_1.0_mid_1.0_big_0.9,300.0,3.0,10.8,10,True,1389.592003000913,1389.5920030009129,2.2737367544323206e-13,1.6362621183210904e-14,1.0,1.0,0.9
purchase_1.0_mid_1.0_big_1.0,300.0,3.0,12.0,10,True,1404.7283975903838,1404.728397590384,-2.2737367544323206e-13,-1.61863087436162e-14,1.0,1.0,1.0
purchase_1.0_mid_1.0_big_1.1,300.0,3.0,13.200000000000001,9,False,1419.8647921798547,1419.6516523784796,0.21313980137506405,0.015013528214331336,1.0,1.0,1.1
purchase_1.0_mid_1.0_big_1.2,300.0,3.0,14.399999999999999,9,False,1435.0011867693256,1434.3211693077953,0.6800174615302694,0.047410404035132976,1.0,1.0,1.2
purchase_1.0_mid_1.0_big_1.3,300.0,3.0,15.600000000000001,9,False,1450.1375813587963,1448.9906862371113,1.14689512168502,0.0791513108109339,1.0,1.0,1.3
purchase_1.0_mid_1.1_big_0.7,300.0,3.3000000000000003,8.399999999999999,5,False,1384.7119507275834,1379.536908670377,5.175042057206383,0.37512893092466687,1.0,1.1,0.7
purchase_1.0_mid_1.1_big_0.8,300.0,3.3000000000000003,9.600000000000001,9,False,1399.8483453170543,1399.0858140691325,0.7625312479217428,0.05450210703687859,1.0,1.1,0.8
purchase_1.0_mid_1.1_big_0.9,300.0,3.3000000000000003,10.8,10,True,1414.9847399065252,1414.9847399065252,0.0,0.0,1.0,1.1,0.9
purchase_1.0_mid_1.1_big_1.0,300.0,3.3000000000000003,12.0,10,True,1430.121134495996,1430.121134495996,0.0,0.0,1.0,1.1,1.0
purchase_1.0_mid_1.1_big_1.1,300.0,3.3000000000000003,13.200000000000001,9,False,1445.2575290854668,1445.0455351970024,0.21199388846434886,0.01467039503606008,1.0,1.1,1.1
purchase_1.0_mid_1.1_big_1.2,300.0,3.3000000000000003,14.399999999999999,9,False,1460.3939236749375,1459.7150521263184,0.6788715486190995,0.04650712806106986,1.0,1.1,1.2
purchase_1.0_mid_1.1_big_1.3,300.0,3.3000000000000003,15.600000000000001,9,False,1475.5303182644086,1474.384569055634,1.1457492087745322,0.07771033642249811,1.0,1.1,1.3
purchase_1.0_mid_1.2_big_0.7,300.0,3.5999999999999996,8.399999999999999,6,False,1410.1046876331955,1405.873828131845,4.230859501350551,0.3009416219784536,1.0,1.2,0.7
purchase_1.0_mid_1.2_big_0.8,300.0,3.5999999999999996,9.600000000000001,9,False,1425.2410822226666,1424.4636798206157,0.7774024020509387,0.054575094687485316,1.0,1.2,0.8
purchase_1.0_mid_1.2_big_0.9,300.0,3.5999999999999996,10.8,10,True,1440.3774768121373,1440.3774768121373,0.0,0.0,1.0,1.2,0.9
purchase_1.0_mid_1.2_big_1.0,300.0,3.5999999999999996,12.0,10,True,1455.513871401608,1455.513871401608,0.0,0.0,1.0,1.2,1.0
purchase_1.0_mid_1.2_big_1.1,300.0,3.5999999999999996,13.200000000000001,9,False,1470.6502659910789,1470.439418015525,0.21084797555386103,0.014339113394988903,1.0,1.2,1.1
purchase_1.0_mid_1.2_big_1.2,300.0,3.5999999999999996,14.399999999999999,9,False,1485.7866605805498,1485.108934944841,0.677725635708839,0.045634742325081405,1.0,1.2,1.2
purchase_1.0_mid_1.2_big_1.3,300.0,3.5999999999999996,15.600000000000001,9,False,1500.9230551700205,1499.7784518741566,1.144603295863817,0.07631815848757496,1.0,1.2,1.3
purchase_1.0_mid_1.3_big_0.7,300.0,3.9000000000000004,8.399999999999999,6,False,1435.4974245388078,1431.2417783382873,4.255646200520459,0.29733943383495876,1.0,1.3,0.7
purchase_1.0_mid_1.3_big_0.8,300.0,3.9000000000000004,9.600000000000001,9,False,1450.6338191282787,1449.8415455720988,0.7922735561799072,0.05464552720257998,1.0,1.3,0.8
purchase_1.0_mid_1.3_big_0.9,300.0,3.9000000000000004,10.8,10,True,1465.7702137177496,1465.7702137177496,0.0,0.0,1.0,1.3,0.9
purchase_1.0_mid_1.3_big_1.0,300.0,3.9000000000000004,12.0,10,True,1480.9066083072205,1480.9066083072205,0.0,0.0,1.0,1.3,1.0
purchase_1.0_mid_1.3_big_1.1,300.0,3.9000000000000004,13.200000000000001,9,False,1496.0430028966912,1495.8333008340478,0.2097020626433732,0.01401907970135759,1.0,1.3,1.1
purchase_1.0_mid_1.3_big_1.2,300.0,3.9000000000000004,14.399999999999999,9,False,1511.1793974861619,1510.5028177633637,0.6765797227981238,0.04479168888939585,1.0,1.3,1.2
purchase_1.0_mid_1.3_big_1.3,300.0,3.9000000000000004,15.600000000000001,9,False,1526.3157920756328,1525.1723346926797,1.1434573829531018,0.07497233964603135,1.0,1.3,1.3
purchase_1.1_mid_0.7_big_0.7,330.0,2.0999999999999996,8.399999999999999,4,False,1383.0847113690902,1355.1419449065488,27.942766462541385,2.061980781243424,1.1,0.7,0.7
purchase_1.1_mid_0.7_big_0.8,330.0,2.0999999999999996,9.600000000000001,6,False,1398.2211059585613,1381.3824004715823,16.838705486979052,1.2189749544536388,1.1,0.7,0.8
purchase_1.1_mid_0.7_big_0.9,330.0,2.0999999999999996,10.8,8,False,1413.357500548032,1402.7932440745255,10.564256473506475,0.7530872078355428,1.1,0.7,0.9
purchase_1.1_mid_0.7_big_1.0,330.0,2.0999999999999996,12.0,9,False,1428.493895137503,1422.1643030996627,6.329592037840257,0.44506756526265384,1.1,0.7,1.0
purchase_1.1_mid_0.7_big_1.1,330.0,2.0999999999999996,13.200000000000001,9,False,1443.6302897269736,1439.5246667310962,4.105622995877411,0.2852068527037156,1.1,0.7,1.1
purchase_1.1_mid_0.7_big_1.2,330.0,2.0999999999999996,14.399999999999999,8,False,1458.7666843164443,1456.0939063396393,2.672777976805037,0.18355807720697936,1.1,0.7,1.2
purchase_1.1_mid_0.7_big_1.3,330.0,2.0999999999999996,15.600000000000001,8,False,1473.9030789059152,1472.3886179551669,1.5144609507483437,0.10285742040383376,1.1,0.7,1.3
purchase_1.1_mid_0.8_big_0.7,330.0,2.4000000000000004,8.399999999999999,4,False,1408.4774482747025,1383.264368171584,25.2130801031185,1.8227231672601718,1.1,0.8,0.7
purchase_1.1_mid_0.8_big_0.8,330.0,2.4000000000000004,9.600000000000001,6,False,1423.6138428641734,1409.515633765422,14.09820909875134,1.0002165822800393,1.1,0.8,0.8
purchase_1.1_mid_0.8_big_0.9,330.0,2.4000000000000004,10.8,8,False,1438.7502374536443,1430.9355855847791,7.814651868865212,0.5461218483620005,1.1,0.8,0.9
purchase_1.1_mid_0.8_big_1.0,330.0,2.4000000000000004,12.0,9,False,1453.886632043115,1450.3215157640452,3.565116279069798,0.24581558229118983,1.1,0.8,1.0
purchase_1.1_mid_0.8_big_1.1,330.0,2.4000000000000004,13.200000000000001,9,False,1469.023026632586,1467.6887618593382,1.3342647732476962,0.09090924506074338,1.1,0.8,1.1
purchase_1.1_mid_0.8_big_1.2,330.0,2.4000000000000004,14.399999999999999,9,False,1484.1594212220566,1483.9682174678276,0.19120375422903635,0.012884625962899483,1.1,0.8,1.2
purchase_1.1_mid_0.8_big_1.3,330.0,2.4000000000000004,15.600000000000001,9,False,1499.2958158115275,1498.6377343971437,0.658081414383787,0.04391197414020227,1.1,0.8,1.3
purchase_1.1_mid_0.9_big_0.7,330.0,2.7,8.399999999999999,4,False,1433.8701851803146,1411.3867914366192,22.483393743695387,1.5930001527653552,1.1,0.9,0.7
purchase_1.1_mid_0.9_big_0.8,330.0,2.7,9.600000000000001,6,False,1449.0065797697857,1437.6488670592616,11.357712710524083,0.790019939552869,1.1,0.9,0.8
purchase_1.1_mid_0.9_big_0.9,330.0,2.7,10.8,8,False,1464.1429743592564,1459.0779270950327,5.065047264223722,0.34714028429640037,1.1,0.9,0.9
purchase_1.1_mid_0.9_big_1.0,330.0,2.7,12.0,9,False,1479.279368948727,1478.4787284284278,0.8006405202993392,0.05415299556933041,1.1,0.9,1.0
purchase_1.1_mid_0.9_big_1.1,330.0,2.7,13.200000000000001,10,True,1494.415763538198,1494.415763538198,0.0,0.0,1.1,0.9,1.1
purchase_1.1_mid_0.9_big_1.2,330.0,2.7,14.399999999999999,9,False,1509.552158127669,1509.3621002863504,0.19005784131854853,0.012591931471082483,1.1,0.9,1.2
purchase_1.1_mid_0.9_big_1.3,330.0,2.7,15.600000000000001,9,False,1524.6885527171396,1524.0316172156663,0.6569355014732992,0.04310510976625861,1.1,0.9,1.3
purchase_1.1_mid_1.0_big_0.7,330.0,3.0,8.399999999999999,4,False,1459.2629220859267,1439.5092147016544,19.753707384272275,1.3722529305494118,1.1,1.0,0.7
purchase_1.1_mid_1.0_big_0.8,330.0,3.0,9.600000000000001,6,False,1474.3993166753978,1465.7821003531012,8.6172163222966,0.5878920420859789,1.1,1.0,0.8
purchase_1.1_mid_1.0_big_0.9,330.0,3.0,10.8,8,False,1489.5357112648685,1487.220268605286,2.315442659582459,0.15568928883371655,1.1,1.0,0.9
purchase_1.1_mid_1.0_big_1.0,330.0,3.0,12.0,10,True,1504.6721058543394,1504.6721058543394,0.0,0.0,1.1,1.0,1.0
purchase_1.1_mid_1.0_big_1.1,330.0,3.0,13.200000000000001,10,True,1519.8085004438103,1519.8085004438103,0.0,0.0,1.1,1.0,1.1
purchase_1.1_mid_1.0_big_1.2,330.0,3.0,14.399999999999999,9,False,1534.944895033281,1534.7559831048732,0.18891192840783333,0.012308922753026632,1.1,1.0,1.2
purchase_1.1_mid_1.0_big_1.3,330.0,3.0,15.600000000000001,9,False,1550.0812896227517,1549.425500034189,0.655789588562584,0.042324693155502705,1.1,1.0,1.3
purchase_1.1_mid_1.1_big_0.7,330.0,3.3000000000000003,8.399999999999999,4,False,1484.655658991539,1467.6316379666898,17.024021024849162,1.1599655243487976,1.1,1.1,0.7
purchase_1.1_mid_1.1_big_0.8,330.0,3.3000000000000003,9.600000000000001,6,False,1499.7920535810097,1493.9153336469408,5.876719934068888,0.39337704096808884,1.1,1.1,0.8
purchase_1.1_mid_1.1_big_0.9,330.0,3.3000000000000003,10.8,9,False,1514.9284481704804,1514.475647167175,0.45280100330523965,0.029898202995353763,1.1,1.1,0.9
purchase_1.1_mid_1.1_big_1.0,330.0,3.3000000000000003,12.0,10,True,1530.0648427599513,1530.0648427599513,0.0,0.0,1.1,1.1,1.0
purchase_1.1_mid_1.1_big_1.1,330.0,3.3000000000000003,13.200000000000001,10,True,1545.2012373494222,1545.2012373494222,0.0,0.0,1.1,1.1,1.1
purchase_1.1_mid_1.1_big_1.2,330.0,3.3000000000000003,14.399999999999999,9,False,1560.337631938893,1560.1498659233962,0.18776601549689076,0.012035126855313919,1.1,1.1,1.2
purchase_1.1_mid_1.1_big_1.3,330.0,3.3000000000000003,15.600000000000001,9,False,1575.474026528364,1574.819382852712,0.6546436756520961,0.04156944490143623,1.1,1.1,1.3
purchase_1.1_mid_1.2_big_0.7,330.0,3.5999999999999996,8.399999999999999,4,False,1510.048395897151,1495.7540612317252,14.294334665425822,0.9556607624153604,1.1,1.2,0.7
purchase_1.1_mid_1.2_big_0.8,330.0,3.5999999999999996,9.600000000000001,6,False,1525.184790486622,1522.0485669407803,3.1362235458416308,0.20605279055879527,1.1,1.2,0.8
purchase_1.1_mid_1.2_big_0.9,330.0,3.5999999999999996,10.8,9,False,1540.3211850760927,1539.8535129186585,0.4676721574342082,0.030371210865881407,1.1,1.2,0.9
purchase_1.1_mid_1.2_big_1.0,330.0,3.5999999999999996,12.0,10,True,1555.4575796655636,1555.4575796655633,2.2737367544323206e-13,1.4617799830460138e-14,1.1,1.2,1.0
purchase_1.1_mid_1.2_big_1.1,330.0,3.5999999999999996,13.200000000000001,10,True,1570.5939742550343,1570.5939742550343,0.0,0.0,1.1,1.2,1.1
purchase_1.1_mid_1.2_big_1.2,330.0,3.5999999999999996,14.399999999999999,9,False,1585.730368844505,1585.5437487419185,0.18662010258640294,0.01177010112363537,1.1,1.2,1.2
purchase_1.1_mid_1.2_big_1.3,330.0,3.5999999999999996,15.600000000000001,9,False,1600.8667634339758,1600.2132656712345,0.6534977627413809,0.04083816680942594,1.1,1.2,1.3
purchase_1.1_mid_1.3_big_0.7,330.0,3.9000000000000004,8.399999999999999,4,False,1535.4411328027631,1523.8764844967604,11.56464830600271,0.7588966969210618,1.1,1.3,0.7
purchase_1.1_mid_1.3_big_0.8,330.0,3.9000000000000004,9.600000000000001,7,False,1550.5775273922343,1547.607233817592,2.9702935746422554,0.19192812683585242,1.1,1.3,0.8
purchase_1.1_mid_1.3_big_0.9,330.0,3.9000000000000004,10.8,9,False,1565.713921981705,1565.2313786701418,0.48254331156317676,0.03082888051817343,1.1,1.3,0.9
purchase_1.1_mid_1.3_big_1.0,330.0,3.9000000000000004,12.0,10,True,1580.8503165711759,1580.8503165711757,2.2737367544323206e-13,1.4382998381301514e-14,1.1,1.3,1.0
purchase_1.1_mid_1.3_big_1.1,330.0,3.9000000000000004,13.200000000000001,10,True,1595.9867111606468,1595.9867111606466,2.2737367544323206e-13,1.4246589514387593e-14,1.1,1.3,1.1
purchase_1.1_mid_1.3_big_1.2,330.0,3.9000000000000004,14.399999999999999,9,False,1611.1231057501175,1610.9376315604416,0.1854741896759151,0.011513430814590553,1.1,1.3,1.2
purchase_1.1_mid_1.3_big_1.3,330.0,3.9000000000000004,15.600000000000001,9,False,1626.2595003395882,1625.6071484897575,0.6523518498306657,0.04012973555368048,1.1,1.3,1.3
purchase_1.2_mid_0.7_big_0.7,360.0,2.0999999999999996,8.399999999999999,3,False,1483.0284196330458,1442.1635730987084,40.8648465343374,2.833579165124317,1.2,0.7,0.7
purchase_1.2_mid_0.7_big_0.8,360.0,2.0999999999999996,9.600000000000001,3,False,1498.1648142225167,1470.1926505647805,27.972163657736246,1.9026189286819402,1.2,0.7,0.8
purchase_1.2_mid_0.7_big_0.9,360.0,2.0999999999999996,10.8,6,False,1513.3012088119874,1494.8744009465768,18.426807865410638,1.2326659586746893,1.2,0.7,0.9
purchase_1.2_mid_0.7_big_1.0,360.0,2.0999999999999996,12.0,7,False,1528.4376034014583,1515.8787707982513,12.558832603207065,0.8284852882129665,1.2,0.7,1.0
purchase_1.2_mid_0.7_big_1.1,360.0,2.0999999999999996,13.200000000000001,8,False,1543.573997990929,1534.9541075429352,8.61989044799384,0.5615731705355059,1.2,0.7,1.1
purchase_1.2_mid_0.7_big_1.2,360.0,2.0999999999999996,14.399999999999999,8,False,1558.7103925804,1552.1770649336295,6.533327646770431,0.42091381159853647,1.2,0.7,1.2
purchase_1.2_mid_0.7_big_1.3,360.0,2.0999999999999996,15.600000000000001,7,False,1573.8467871698706,1568.784540379303,5.062246790567542,0.3226859176814418,1.2,0.7,1.3
purchase_1.2_mid_0.8_big_0.7,360.0,2.4000000000000004,8.399999999999999,4,False,1508.4211565386581,1470.6469107850644,37.77424575359373,2.568546227960931,1.2,0.8,0.7
purchase_1.2_mid_0.8_big_0.8,360.0,2.4000000000000004,9.600000000000001,4,False,1523.5575511281288,1498.6636698987809,24.893881229347926,1.6610719088846162,1.2,0.8,0.8
purchase_1.2_mid_0.8_big_0.9,360.0,2.4000000000000004,10.8,7,False,1538.6939457175997,1523.3466501543726,15.347295563227135,1.007472301965667,1.2,0.8,0.9
purchase_1.2_mid_0.8_big_1.0,360.0,2.4000000000000004,12.0,8,False,1553.8303403070706,1544.3400028373353,9.490337469735323,0.6145238388113512,1.2,0.8,1.0
purchase_1.2_mid_0.8_big_1.1,360.0,2.4000000000000004,13.200000000000001,9,False,1568.9667348965413,1563.4162027719847,5.550532124556639,0.35502587952685766,1.2,0.8,1.1
purchase_1.2_mid_0.8_big_1.2,360.0,2.4000000000000004,14.399999999999999,9,False,1584.1031294860122,1580.632034662375,3.4710948236372587,0.21960170030203702,1.2,0.8,1.2
purchase_1.2_mid_0.8_big_1.3,360.0,2.4000000000000004,15.600000000000001,8,False,1599.2395240754831,1597.2266480567955,2.0128760186876207,0.12602319283468688,1.2,0.8,1.3
purchase_1.2_mid_0.9_big_0.7,360.0,2.7,8.399999999999999,4,False,1533.8138934442702,1498.7693340500994,35.04455939417085,2.338222340022832,1.2,0.9,0.7
purchase_1.2_mid_0.9_big_0.8,360.0,2.7,9.600000000000001,4,False,1548.9502880337411,1526.7877827756245,22.162505258116653,1.4515773251621333,1.2,0.9,0.8
purchase_1.2_mid_0.9_big_0.9,360.0,2.7,10.8,7,False,1564.086682623212,1551.4860008691749,12.600681754037169,0.8121685756093193,1.2,0.9,0.9
purchase_1.2_mid_0.9_big_1.0,360.0,2.7,12.0,8,False,1579.2230772126827,1572.4823443475887,6.74073286509406,0.4286682702240921,1.2,0.9,1.0
purchase_1.2_mid_0.9_big_1.1,360.0,2.7,13.200000000000001,9,False,1594.3594718021534,1591.5734154363672,2.7860563657861803,0.1750504462291686,1.2,0.9,1.1
purchase_1.2_mid_0.9_big_1.2,360.0,2.7,14.399999999999999,9,False,1609.4958663916243,1608.7961297906165,0.6997366010077712,0.04349442344188392,1.2,0.9,1.2
purchase_1.2_mid_0.9_big_1.3,360.0,2.7,15.600000000000001,9,False,1624.6322609810952,1624.4664310127441,0.16582996835109043,0.010208273017233526,1.2,0.9,1.3
purchase_1.2_mid_1.0_big_0.7,360.0,3.0,8.399999999999999,4,False,1559.2066303498823,1526.8917573151346,32.314873034747734,2.1163827023056148,1.2,1.0,0.7
purchase_1.2_mid_1.0_big_0.8,360.0,3.0,9.600000000000001,4,False,1574.3430249393532,1554.9118956524676,19.431129286885607,1.2496611120678303,1.2,1.0,0.8
purchase_1.2_mid_1.0_big_0.9,360.0,3.0,10.8,7,False,1589.479419528824,1579.6253515839767,9.85406794484743,0.6238231068503818,1.2,1.0,0.9
purchase_1.2_mid_1.0_big_1.0,360.0,3.0,12.0,8,False,1604.6158141182946,1600.624685857842,3.9911282604525695,0.24934816360860737,1.2,1.0,1.0
purchase_1.2_mid_1.0_big_1.1,360.0,3.0,13.200000000000001,9,False,1619.7522087077657,1619.7306281007495,0.021580607016176145,0.0013323577786190878,1.2,1.0,1.1
purchase_1.2_mid_1.0_big_1.2,360.0,3.0,14.399999999999999,10,True,1634.8886032972366,1634.8886032972366,0.0,0.0,1.2,1.0,1.2
purchase_1.2_mid_1.0_big_1.3,360.0,3.0,15.600000000000001,9,False,1650.0249978867073,1649.8603138312665,0.16468405544082998,0.009981696878228714,1.2,1.0,1.3
purchase_1.2_mid_1.1_big_0.7,360.0,3.3000000000000003,8.399999999999999,4,False,1584.5993672554941,1555.01418058017,29.585186675324167,1.902567001947599,1.2,1.1,0.7
purchase_1.2_mid_1.1_big_0.8,360.0,3.3000000000000003,9.600000000000001,4,False,1599.735761844965,1583.036008529311,16.699753315654107,1.0549193591097583,1.2,1.1,0.8
purchase_1.2_mid_1.1_big_0.9,360.0,3.3000000000000003,10.8,7,False,1614.872156434436,1607.7647022987785,7.107454135657463,0.44207054213189534,1.2,1.1,0.9
purchase_1.2_mid_1.1_big_1.0,360.0,3.3000000000000003,12.0,8,False,1630.0085510239066,1628.7670273680953,1.2415236558113065,0.07622475375238098,1.2,1.1,1.0
purchase_1.2_mid_1.1_big_1.1,360.0,3.3000000000000003,13.200000000000001,10,True,1645.1449456133776,1645.1449456133776,0.0,0.0,1.2,1.1,1.1
purchase_1.2_mid_1.1_big_1.2,360.0,3.3000000000000003,14.399999999999999,10,True,1660.2813402028485,1660.2813402028485,0.0,0.0,1.2,1.1,1.2
purchase_1.2_mid_1.1_big_1.3,360.0,3.3000000000000003,15.600000000000001,9,False,1675.4177347923192,1675.2541966497895,0.16353814252966004,0.009761989724109167,1.2,1.1,1.3
purchase_1.2_mid_1.2_big_0.7,360.0,3.5999999999999996,8.399999999999999,4,False,1609.9921041611065,1583.1366038452052,26.85550031590128,1.6963476335948038,1.2,1.2,0.7
purchase_1.2_mid_1.2_big_0.8,360.0,3.5999999999999996,9.600000000000001,4,False,1625.1284987505774,1611.1601214061545,13.968377344422834,0.8669763581432122,1.2,1.2,0.8
purchase_1.2_mid_1.2_big_0.9,360.0,3.5999999999999996,10.8,7,False,1640.264893340048,1635.9040530135806,4.360840326467496,0.2665706658305647,1.2,1.2,0.9
purchase_1.2_mid_1.2_big_1.0,360.0,3.5999999999999996,12.0,9,False,1655.401287929519,1655.243346016701,0.15794191281793246,0.00954191498174667,1.2,1.2,1.0
purchase_1.2_mid_1.2_big_1.1,360.0,3.5999999999999996,13.200000000000001,10,True,1670.5376825189899,1670.5376825189899,0.0,0.0,1.2,1.2,1.1
purchase_1.2_mid_1.2_big_1.2,360.0,3.5999999999999996,14.399999999999999,10,True,1685.6740771084606,1685.6740771084606,0.0,0.0,1.2,1.2,1.2
purchase_1.2_mid_1.2_big_1.3,360.0,3.5999999999999996,15.600000000000001,9,False,1700.8104716979312,1700.6480794683123,0.16239222961894484,0.009548843854262598,1.2,1.2,1.3
purchase_1.2_mid_1.3_big_0.7,360.0,3.9000000000000004,8.399999999999999,4,False,1635.3848410667188,1611.2590271102404,24.125813956478396,1.497326845066466,1.2,1.3,0.7
purchase_1.2_mid_1.3_big_0.8,360.0,3.9000000000000004,9.600000000000001,4,False,1650.5212356561897,1639.2842342829977,11.237001373192015,0.6854821841257406,1.2,1.3,0.8
purchase_1.2_mid_1.3_big_0.9,360.0,3.9000000000000004,10.8,8,False,1665.6576302456604,1663.4542531568413,2.2033770888190247,0.1324579311175849,1.2,1.3,0.9
purchase_1.2_mid_1.3_big_1.0,360.0,3.9000000000000004,12.0,9,False,1680.7940248351313,1680.6212117681846,0.17281306694667364,0.01028268986114109,1.2,1.3,1.0
purchase_1.2_mid_1.3_big_1.1,360.0,3.9000000000000004,13.200000000000001,10,True,1695.930419424602,1695.930419424602,0.0,0.0,1.2,1.3,1.1
purchase_1.2_mid_1.3_big_1.2,360.0,3.9000000000000004,14.399999999999999,10,True,1711.0668140140729,1711.0668140140729,0.0,0.0,1.2,1.3,1.2
purchase_1.2_mid_1.3_big_1.3,360.0,3.9000000000000004,15.600000000000001,9,False,1726.2032086035435,1726.041962286835,0.16124631670845702,0.009341969675802178,1.2,1.3,1.3
purchase_1.3_mid_0.7_big_0.7,390.0,2.0999999999999996,8.399999999999999,3,False,1582.9721278970012,1528.4822785472395,54.4898493497617,3.564964416960862,1.3,0.7,0.7
purchase_1.3_mid_0.7_big_0.8,390.0,2.0999999999999996,9.600000000000001,3,False,1598.108522486472,1557.2487735776838,40.85974890878833,2.623842099096059,1.3,0.7,0.8
purchase_1.3_mid_0.7_big_0.9,390.0,2.0999999999999996,10.8,4,False,1613.2449170759428,1584.7556417653082,28.48927531063464,1.797707770196013,1.3,0.7,0.9
purchase_1.3_mid_0.7_big_1.0,390.0,2.0999999999999996,12.0,7,False,1628.3813116654137,1607.9921107711684,20.389200894245278,1.2679913513050092,1.3,0.7,1.0
purchase_1.3_mid_0.7_big_1.1,390.0,2.0999999999999996,13.200000000000001,8,False,1643.5177062548844,1628.6058427705705,14.911863484313926,0.9156213917878369,1.3,0.7,1.1
purchase_1.3_mid_0.7_big_1.2,390.0,2.0999999999999996,14.399999999999999,8,False,1658.6541008443553,1647.597593373081,11.056507471274244,0.6710684402396195,1.3,0.7,1.2
purchase_1.3_mid_0.7_big_1.3,390.0,2.0999999999999996,15.600000000000001,8,False,1673.7904954338262,1664.6691365588729,9.12135887495333,0.5479382463838178,1.3,0.7,1.3
purchase_1.3_mid_0.8_big_0.7,390.0,2.4000000000000004,8.399999999999999,3,False,1608.3648648026135,1557.3253028202403,51.03956198237324,3.277386034243654,1.3,0.8,0.7
purchase_1.3_mid_0.8_big_0.8,390.0,2.4000000000000004,9.600000000000001,3,False,1623.5012593920844,1586.1031310617216,37.39812833036285,2.3578623355549975,1.3,0.8,0.8
purchase_1.3_mid_0.8_big_0.9,390.0,2.4000000000000004,10.8,4,False,1638.637653981555,1613.6200019495234,25.01765203203172,1.550405423941585,1.3,0.8,0.9
purchase_1.3_mid_0.8_big_1.0,390.0,2.4000000000000004,12.0,7,False,1653.7740485710258,1636.8663865004248,16.907662070600963,1.0329286623539922,1.3,0.8,1.0
purchase_1.3_mid_0.8_big_1.1,390.0,2.4000000000000004,13.200000000000001,8,False,1668.910443160497,1657.4949896539554,11.415453506541553,0.6887172255600496,1.3,0.8,1.1
purchase_1.3_mid_0.8_big_1.2,390.0,2.4000000000000004,14.399999999999999,8,False,1684.0468377499676,1676.4867402564664,7.560097493501189,0.45094883913872513,1.3,0.8,1.2
purchase_1.3_mid_0.8_big_1.3,390.0,2.4000000000000004,15.600000000000001,8,False,1699.1832323394385,1693.565165906117,5.618066433321474,0.33173015992659544,1.3,0.8,1.3
purchase_1.3_mid_0.9_big_0.7,390.0,2.7,8.399999999999999,4,False,1633.7576017082256,1585.5305822185126,48.22701948971303,3.0416959490136497,1.3,0.9,0.7
purchase_1.3_mid_0.9_big_0.8,390.0,2.7,9.600000000000001,4,False,1648.8939962976965,1614.3057357068683,34.58826059082821,2.142609037790651,1.3,0.9,0.8
purchase_1.3_mid_0.9_big_0.9,390.0,2.7,10.8,5,False,1664.0303908871674,1641.818601330684,22.21178955648338,1.3528772020539213,1.3,0.9,0.9
purchase_1.3_mid_0.9_big_1.0,390.0,2.7,12.0,8,False,1679.166785476638,1665.060893462463,14.105892014175197,0.847169738329645,1.3,0.9,1.0
purchase_1.3_mid_0.9_big_1.1,390.0,2.7,13.200000000000001,9,False,1694.303180066109,1685.6903598059591,8.612820260149874,0.5109372673366478,1.3,0.9,1.1
purchase_1.3_mid_0.9_big_1.2,390.0,2.7,14.399999999999999,9,False,1709.4395746555797,1704.6681024443064,4.771472211273249,0.27990622951362104,1.3,0.9,1.2
purchase_1.3_mid_0.9_big_1.3,390.0,2.7,15.600000000000001,9,False,1724.5759692450506,1721.7394025936533,2.8365666513973338,0.16475005724584618,1.3,0.9,1.3
purchase_1.3_mid_1.0_big_0.7,390.0,3.0,8.399999999999999,4,False,1659.1503386138377,1613.6416722725107,45.50866634132694,2.8202461006870596,1.3,1.0,0.7
purchase_1.3_mid_1.0_big_0.8,390.0,3.0,9.600000000000001,4,False,1674.2867332033084,1642.4281589719035,31.858574231404873,1.9397240638730346,1.3,1.0,0.8
purchase_1.3_mid_1.0_big_0.9,390.0,3.0,10.8,5,False,1689.423127792779,1669.9510272958964,19.472100496882604,1.1660282354754568,1.3,1.0,0.9
purchase_1.3_mid_1.0_big_1.0,390.0,3.0,12.0,8,False,1704.5595223822502,1693.203234972716,11.356287409534161,0.6706984238497014,1.3,1.0,1.0
purchase_1.3_mid_1.0_big_1.1,390.0,3.0,13.200000000000001,9,False,1719.695916971721,1713.8475724703412,5.84834450137987,0.34124064446116764,1.3,1.0,1.1
purchase_1.3_mid_1.0_big_1.2,390.0,3.0,14.399999999999999,9,False,1734.8323115611915,1732.8253151086888,2.00699645250279,0.11582220290779306,1.3,1.0,1.2
purchase_1.3_mid_1.0_big_1.3,390.0,3.0,15.600000000000001,9,False,1749.968706150663,1749.9034977218948,0.06520842876807365,0.0037264014188762404,1.3,1.0,1.3
purchase_1.3_mid_1.1_big_0.7,390.0,3.3000000000000003,8.399999999999999,4,False,1684.5430755194498,1641.7527623265084,42.79031319294131,2.6063798505387417,1.3,1.1,0.7
purchase_1.3_mid_1.1_big_0.8,390.0,3.3000000000000003,9.600000000000001,4,False,1699.6794701089204,1670.5505822369387,29.12888787198176,1.7436699122858605,1.3,1.1,0.8
purchase_1.3_mid_1.1_big_0.9,390.0,3.3000000000000003,10.8,5,False,1714.8158646983916,1698.0834532611093,16.73241143728228,0.9853703836020706,1.3,1.1,0.9
purchase_1.3_mid_1.1_big_1.0,390.0,3.3000000000000003,12.0,8,False,1729.9522592878623,1721.3455764829694,8.606682804892898,0.4999973812625097,1.3,1.1,1.0
purchase_1.3_mid_1.1_big_1.1,390.0,3.3000000000000003,13.200000000000001,9,False,1745.088653877333,1742.0047851347235,3.083868742609411,0.17702986633133216,1.3,1.1,1.1
purchase_1.3_mid_1.1_big_1.2,390.0,3.3000000000000003,14.399999999999999,10,True,1760.2250484668039,1760.2250484668039,0.0,0.0,1.3,1.1,1.2
purchase_1.3_mid_1.1_big_1.3,390.0,3.3000000000000003,15.600000000000001,10,True,1775.3614430562748,1775.3614430562748,0.0,0.0,1.3,1.1,1.3
purchase_1.3_mid_1.2_big_0.7,390.0,3.5999999999999996,8.399999999999999,4,False,1709.9358124250618,1669.8638523805068,40.071960044555,2.3997142034920773,1.3,1.2,0.7
purchase_1.3_mid_1.2_big_0.8,390.0,3.5999999999999996,9.600000000000001,4,False,1725.0722070145328,1698.6730055019739,26.399201512558875,1.5541073194812831,1.3,1.2,0.8
purchase_1.3_mid_1.2_big_0.9,390.0,3.5999999999999996,10.8,5,False,1740.2086016040034,1726.215879226322,13.992722377681503,0.8106009535697786,1.3,1.2,0.9
purchase_1.3_mid_1.2_big_1.0,390.0,3.5999999999999996,12.0,8,False,1755.3449961934743,1749.487917993223,5.857078200251408,0.3347881480067527,1.3,1.2,1.0
purchase_1.3_mid_1.2_big_1.1,390.0,3.5999999999999996,13.200000000000001,9,False,1770.481390782945,1770.1619977991058,0.3193929838391796,0.018043149962336226,1.3,1.2,1.1
purchase_1.3_mid_1.2_big_1.2,390.0,3.5999999999999996,14.399999999999999,10,True,1785.617785372416,1785.617785372416,0.0,0.0,1.3,1.2,1.2
purchase_1.3_mid_1.2_big_1.3,390.0,3.5999999999999996,15.600000000000001,10,True,1800.7541799618868,1800.7541799618868,0.0,0.0,1.3,1.2,1.3
purchase_1.3_mid_1.3_big_0.7,390.0,3.9000000000000004,8.399999999999999,4,False,1735.3285493306744,1697.9749424345048,37.353606896169595,2.199891527410477,1.3,1.3,0.7
purchase_1.3_mid_1.3_big_0.8,390.0,3.9000000000000004,9.600000000000001,4,False,1750.464943920145,1726.7954287670093,23.669515153135762,1.3707191227646809,1.3,1.3,0.8
purchase_1.3_mid_1.3_big_0.9,390.0,3.9000000000000004,10.8,5,False,1765.6013385096157,1754.3483051915343,11.253033318081407,0.6414366682363475,1.3,1.3,0.9
purchase_1.3_mid_1.3_big_1.0,390.0,3.9000000000000004,12.0,8,False,1780.7377330990867,1777.6302595034765,3.107473595610145,0.17480989530849442,1.3,1.3,1.0
purchase_1.3_mid_1.3_big_1.1,390.0,3.9000000000000004,13.200000000000001,10,True,1795.8741276885576,1795.8741276885576,0.0,0.0,1.3,1.3,1.1
purchase_1.3_mid_1.3_big_1.2,390.0,3.9000000000000004,14.399999999999999,10,True,1811.0105222780282,1811.0105222780285,-2.2737367544323206e-13,-1.255507202449735e-14,1.3,1.3,1.2
purchase_1.3_mid_1.3_big_1.3,390.0,3.9000000000000004,15.600000000000001,10,True,1826.1469168674992,1826.1469168674992,0.0,0.0,1.3,1.3,1.3
